src_var,site,src_val_raw,src_val_lbl,description,trg_var,trg_val,trg_lbl,trg_val_calc,src_field_type,trg_field_type,src_validation,trg_validation,src_form_name,trg_form_name,comments,TODO,src_descriiption,trg_logic,src_description,src_val_llbl,trg_lbl.1,trg_raw,trg_calc_fields
crvisit,umb,1,Baseline,visit_event_designation,redcap_event_name,baseline_arm_1,Baseline,,radio,,,,,,,,,,,,,,
crvisit,umb,2,6 Month,visit_event_designation,redcap_event_name,month_6_arm_1,Month 6,,radio,,,,,,,,,,,,,,
crvisit,umb,3,12 Month,visit_event_designation,redcap_event_name,year_1_arm_1,Year 1,,radio,,,,,,,,,,,,,,
crvisit,umb,4,18 Month,visit_event_designation,redcap_event_name,month_18_arm_1,Month 18,,radio,,,,,,,,,,,,,,
crvisit,umb,5,24 Month,visit_event_designation,redcap_event_name,year_2_arm_1,Year 2,,radio,,,,,,,,,,,,,,
crvisit,umb,6,30 Month,visit_event_designation,redcap_event_name,month_30_arm_1,Month 30,,radio,,,,,,,,,,,,,,
crvisit,umb,7,36 Month,visit_event_designation,redcap_event_name,year_3_arm_1,Year 3,,radio,,,,,,,,,,,,,,
crvisit,umb,8,42 Month,visit_event_designation,redcap_event_name,month_42_arm_1,Month 42,,radio,,,,,,,,,,,,,,
crvisit,umb,9,48 Month,visit_event_designation,redcap_event_name,year_4_arm_1,Year 4,,radio,,,,,,,,,,,,,,
crvisit,umb,10,60 Month,visit_event_designation,redcap_event_name,year_5_arm_1,Year 5,,radio,,,,,,,,,,,,,,
crvisit,umb,11,72 Month,visit_event_designation,redcap_event_name,year_6_arm_1,Year 6,,radio,,,,,,,,,,,,,,
crvisit,umb,12,84 Month,visit_event_designation,redcap_event_name,year_7_arm_1,Year 7,,radio,,,,,,,,,,,,,,
crvisit,umb,13,96 Month,visit_event_designation,redcap_event_name,year_8_arm_1,Year 8,,radio,,,,,,,,,,,,,,
redcap_event_name,kumc,baseline_arm_1,Baseline,visit_event_designation,redcap_event_name,baseline_arm_1,Baseline,,,,,,,,,,,,,,,,
redcap_event_name,kumc,month_6_arm_1,Month 6,visit_event_designation,redcap_event_name,month_6_arm_1,Month 6,,,,,,,,,,,,,,,,
redcap_event_name,kumc,year_1_arm_1,Year 1,visit_event_designation,redcap_event_name,year_1_arm_1,Year 1,,,,,,,,,,,,,,,,
redcap_event_name,kumc,month_18_arm_1,,visit_event_designation,redcap_event_name,month_18_arm_1,Month 18,,,,,,,,,,,,,,,,
redcap_event_name,kumc,year_2_arm_1,Year 2,visit_event_designation,redcap_event_name,year_2_arm_1,Year 2,,,,,,,,,,,,,,,,
redcap_event_name,kumc,month_30_arm_1,,visit_event_designation,redcap_event_name,month_30_arm_1,Month 30,,,,,,,,,,,,,,,,
redcap_event_name,kumc,year_3_arm_1,Year 3,visit_event_designation,redcap_event_name,year_3_arm_1,Year 3,,,,,,,,,,,,,,,,
redcap_event_name,kumc,month_42_arm_1,,visit_event_designation,redcap_event_name,month_42_arm_1,Month 42,,,,,,,,,,,,,,,,
redcap_event_name,kumc,year_4_arm_1,Year 4,visit_event_designation,redcap_event_name,year_4_arm_1,Year 4,,,,,,,,,,,,,,,,
redcap_event_name,kumc,year_5_arm_1,Year 5,visit_event_designation,redcap_event_name,year_5_arm_1,Year 5,,,,,,,,,,,,,,,,
redcap_event_name,kumc,year_6_arm_1,Year 6,visit_event_designation,redcap_event_name,year_6_arm_1,Year 6,,,,,,,,,,,,,,,,
redcap_event_name,kumc,year_7_arm_1,Year 7,visit_event_designation,redcap_event_name,year_7_arm_1,Year 7,,,,,,,,,,,,,,,,
redcap_event_name,kumc,year_8_arm_1,Year 8,visit_event_designation,redcap_event_name,year_8_arm_1,Year 8,,,,,,,,,,,,,,,,
redcap_event_name,kumc,onetime_forms_and_arm_1,Onetime forms and logs,visit_event_designation,redcap_event_name,baseline_arm_1,Baseline,,,,,,,,,,,,,,,,
redcap_event_name,uab,baseline_arm_1,Baseline,visit_event_designation,redcap_event_name,baseline_arm_1,Baseline,,,,,,,,,,,,,,,,
redcap_event_name,uab,year_1_arm_1,Year 1,visit_event_designation,redcap_event_name,year_1_arm_1,Year 1,,,,,,,,,,,,,,,,
redcap_event_name,uab,year_2_arm_1,Year 2,visit_event_designation,redcap_event_name,year_2_arm_1,Year 2,,,,,,,,,,,,,,,,
redcap_event_name,uab,year_3_arm_1,Year 3,visit_event_designation,redcap_event_name,year_3_arm_1,Year 3,,,,,,,,,,,,,,,,
redcap_event_name,uab,year_4_arm_1,Year 4,visit_event_designation,redcap_event_name,year_4_arm_1,Year 4,,,,,,,,,,,,,,,,
redcap_event_name,uab,year_5_arm_1,Year 5,visit_event_designation,redcap_event_name,year_5_arm_1,Year 5,,,,,,,,,,,,,,,,
pid,umb,,,,studyid,,,,text,text,,,,demographics,,,participant_id,,,,,,
studyid,kumc,,,,studyid,,,,text,text,,,,demographics,,,participant_id,,,,,,
subject_id,uab,,,,studyid,,,,text,text,,,,demographics,,,participant_id,,,,,,
crrdate,umb,,,,visdat,,,,text,text,date_mdy,date_mdy,,demographics,,,visit_date,,,,,,
crrdate,umb,,,,visdat,,,,text,text,date_mdy,date_mdy,,demographics,,,visit_date,,,,,,
crrdate,umb,,,,visdat,,,,text,text,date_mdy,date_mdy,,demographics,,,visit_date,,,,,,
TRGCALCFIELD,umb,,,,age,,,"difftime(crrdate, cr4, units = ""years"")",text,text,date_mdy,number,,demographics,,,age_in_years,Y,,,,,"cr4, crrdate"
age,kumc,,,,age,,,,text,text,integer,number,,demographics,,,age_in_years,,,,,,
TRGCALCFIELD,uab,,,,age,,,"difftime(date_contact, birthdate, units=""years"")",text,text,date_mdy,number,,demographics,,,age_in_years,Y,,,,,"birthdate,
date_contact"
gest_age,uab,,,,gest_age,,,,text,text,,number,,demographics,if prenatal visit,,gestational_age_wk,,,,,,
cr6,umb,1,Male,,sex,1,Male,,radio,radio,,,,demographics,"Please code as 1=Male and 2=Female so that it will calculate correctly for the eGFR calculated variables: ckd_epi_2021 Cr-based_egfr, ckid_egfr",,sex,,,,,,
cr6,umb,2,Female,,sex,2,Female,,radio,radio,,,,demographics,,,sex,,,,,,
sex,kumc,1,Male,,sex,1,Male,,radio,radio,,,,demographics,,,sex,,,,,,
sex,kumc,2,Female,,sex,2,Female,,radio,radio,,,,demographics,,,sex,,,,,,
sex,uab,1,Male,,sex,1,Male,,radio,radio,,,,demographics,,,sex,,,,,,
sex,uab,2,Female,,sex,2,Female,,radio,radio,,,,demographics,,,sex,,,,,,
cr7,umb,1,White,,race___5,1,White,,radio,checkbox,,,,demographics,,,race,,,,,,
cr7,umb,2,Black or African American,,race___1,1,Black or African American,,radio,checkbox,,,,demographics,,,race,,,,,,
cr7,umb,3,American Indian or Alaskan Native,,race___2,1,American Indian or Alaska Native,,radio,checkbox,,,,demographics,,,race,,,,,,
cr7,umb,4,Asian,,race___3,1,Asian,,radio,checkbox,,,,demographics,,,race,,,,,,
cr7,umb,5,Native Hawaiian or Other Pacific Islander,,race___4,1,Native Hawaiian or Other Pacific Islander,,radio,checkbox,,,,demographics,,,race,,,,,,
cr7,umb,6,Other,,race___6,1,Other,,radio,checkbox,,,,demographics,,,race,,,,,,
race___1,kumc,1,Black or African American,,race___1,1,Black or African American,,checkbox,checkbox,,,,demographics,,,race,,,,,,
race___2,kumc,1,American Indian or Alaska Native,,race___2,1,American Indian or Alaska Native,,checkbox,checkbox,,,,demographics,,,race,,,,,,
race___3,kumc,1,Asian,,race___3,1,Asian,,checkbox,checkbox,,,,demographics,,,race,,,,,,
race___4,kumc,1,Native Hawaiian or Other Pacific Islander,,race___4,1,Native Hawaiian or Other Pacific Islander,,checkbox,checkbox,,,,demographics,,,race,,,,,,
race___5,kumc,1,White,,race___5,1,White,,checkbox,checkbox,,,,demographics,,,race,,,,,,
race___6,kumc,1,Other,,race___6,1,Other,,checkbox,checkbox,,,,demographics,,,race,,,,,,
race,uab,1,White,,race___5,1,White,,dropdown,checkbox,,,,demographics,"No distinction between race and ethnicity at UAB so unable to assign race if chose Hispanic, and unable to assign ethnicity if chose White, Black, Asian or Other",,race,,,,,,
race,uab,2,Black,,race___1,1,Black or African American,,dropdown,checkbox,,,,demographics,"No distinction between race and ethnicity at UAB so unable to assign race if chose Hispanic, and unable to assign ethnicity if chose White, Black, Asian or Other",,race,,,,,,
race,uab,4,Asian,,race___3,1,Asian,,dropdown,checkbox,,,,demographics,"No distinction between race and ethnicity at UAB so unable to assign race if chose Hispanic, and unable to assign ethnicity if chose White, Black, Asian or Other",,race,,,,,,
race,uab,5,Other,,race___6,1,Other,,dropdown,checkbox,,,,demographics,"No distinction between race and ethnicity at UAB so unable to assign race if chose Hispanic, and unable to assign ethnicity if chose White, Black, Asian or Other",,race,,,,,,
cr7a,umb,,,,other_race,,,,text,text,,,,demographics,"No distinction between race and ethnicity at UAB so unable to assign race if chose Hispanic, and unable to assign ethnicity if chose White, Black, Asian or Other",,other_race,,,,,,
other_race,kumc,,,,other_race,,,,text,text,,,,demographics,,,other_race,,,,,,
other_race,uab,,,,other_race,,,,text,text,,,,demographics,,,other_race,,,,,,
cr8,umb,1,Hispanic or Latino,,ethnic,1,Hispanic or Latino,,radio,radio,,,,demographics,,,ethnicity,,,,,,
cr8,umb,2,Not Hispanic or Latino,,ethnic,2,Not Hispanic or Latino,,radio,radio,,,,demographics,,,ethnicity,,,,,,
cr8,umb,88,Unknown,,ethnic,888,UNK,,radio,radio,,,,demographics,,,ethnicity,,,,,,
ethnic,kumc,1,Hispanic or Latino,,ethnic,1,Hispanic or Latino,,radio,radio,,,,demographics,,,ethnicity,,,,,,
ethnic,kumc,2,Not Hispanic or Latino,,ethnic,2,Not Hispanic or Latino,,radio,radio,,,,demographics,,,ethnicity,,,,,,
race,uab,3,Hispanic,,ethnic,1,Hispanic or Latino,,dropdown,radio,,,,demographics,,,ethnicity,,,,,,
cr9a,umb,1,Yes,,govinsur,1,Yes,,radio,yesno,,,,demographics,,,national_health_insurance_or_government_coverage,,,,,,
cr9a,umb,0,No,,govinsur,0,No,,radio,yesno,,,,demographics,,,national_health_insurance_or_government_coverage,,,,,,
cr9b,umb,1,Yes,,employerins,1,Yes,,radio,yesno,,,,demographics,,,employer_provided_private_health_insurance,,,,,,
cr9b,umb,0,No,,employerins,0,No,,radio,yesno,,,,demographics,,,employer_provided_private_health_insurance,,,,,,
cr9c,umb,1,Yes,,selfinsur,1,Yes,,radio,yesno,,,,demographics,,,self_insured,,,,,,
cr9c,umb,0,No,,selfinsur,0,No,,radio,yesno,,,,demographics,,,self_insured,,,,,,
cr9d,umb,1,Yes,,noinsur,1,Yes,,radio,yesno,,,,demographics,,,no_health_insurance,,,,,,
cr9d,umb,0,No,,noinsur,0,No,,radio,yesno,,,,demographics,,,no_health_insurance,,,,,,
cr10,umb,1,Elementary/primary school,,educlevel,1,Elementary/primary school,,radio,radio,,,,demographics,,,highest_level_of_education,,,,,,
cr10,umb,2,Secondary/high school,,educlevel,2,Secondary/high school,,radio,radio,,,,demographics,,,highest_level_of_education,,,,,,
cr10,umb,3,University,,educlevel,3,University,,radio,radio,,,,demographics,,,highest_level_of_education,,,,,,
cr10,umb,88,Unknown,,educlevel,888,UNK,,radio,radio,,,,demographics,,,highest_level_of_education,,,,,,
adpkd_status,kumc,1,,,adpkd_yn,0,No,,,radio,,,,,,,,,adpkd_status,,,,
adpkd_status,kumc,4,,,adpkd_yn,0,No,,,radio,,,,,,,,,adpkd_status,,,,
adpkd_status,kumc,2,,,adpkd_yn,1,Yes,,,radio,,,,,,,,,adpkd_status,,,,
adpkd_status,kumc,5,,,adpkd_yn,1,Yes,,,radio,,,,,,,,,adpkd_status,,,,
adpkd_status,kumc,3,,,adpkd_yn,UNK,UNK,,,,,,,,,,,,adpkd_status,,,,
adpkd_yn,umb,1,Yes,,adpkd_yn,1,Yes,,,radio,,,,,,,,,adpkd_yn,,,,
adpkd_yn,uab,1,Yes,,adpkd_yn,1,Yes,,,radio,,,,,,,,,adpkd_yn,,,,
diagnstatus,kumc,,,,diagnosisage,,,"IF
(diagnstatus==”Diagnosed with ADPKD”){age - difftime(dmdat, diagndate, units = ""years"")}
ELSE {NA}",,text,,,,,,,,Y,age_adpkd_diagnosed_yr,,,,
cr11,umb,,,,diagnosisage,,,,,text,,,,,,,,,age_adpkd_diagnosed_yr,,,,
mhhtn,kumc,1,Yes,,pmhhtn,1,Yes,,,radio,,,,,,,,,PMH_Hypertension,,,,
mhhtn,kumc,0,No,,pmhhtn,0,No,,,radio,,,,,,,,,PMH_Hypertension,,,,
age_onset,kumc,,,,pmhhtn_age_onset,,,,,text,,,,,,,,,PMH_Hypertension_Age,,,,
hypert,uab,1,Yes,,pmhhtn,1,Yes,,,radio,,,,,,,,,PMH_Hypertension,,,,
hypert,uab,2,No,,pmhhtn,0,No,,,radio,,,,,,,,,PMH_Hypertension,,,,
hypert,uab,3,Unknown,,pmhhtn,,,,,,,,,,,,,,PMH_Hypertension,,,,
hypertdx,uab,,,,pmhhtn_age_onset,,,"difftime(hypertdx, birthdate, units=""years"")",,text,,,,,,,,Y,PMH_Hypertension_Age,,,,
cr29a,umb,0,No Hypertension,,pmhhtn,0,No,,,radio,,,,,,,,,PMH_Hypertension,,,,
cr29a,umb,1,New diagnosis,,pmhhtn,1,Yes,,,radio,,,,,,,,,PMH_Hypertension,,,,
cr29a,umb,2,Previously reported Hypertension,,pmhhtn,1,Yes,,,radio,,,,,,,,,PMH_Hypertension,,,,
c29b1,umb,,,,pmhhtn_age_onset,,,"difftime(crrdate, cr4, units = ""years"")",,text,,,,,,,,Y,PMH_Hypertension_Age,,,,
mhhemat,kumc,1,Yes,,pmhhemat,1,Yes,,,radio,,,,,,,,,PMH_Gross_Hematuria,,,,
mhhemat,kumc,0,No,,pmhhemat,0,No,,,radio,,,,,,,,,PMH_Gross_Hematuria,,,,
mhuti_age,kumc,,,,pmhhemat_age_onset,,,,,text,,,,,,,,,PMH_Gross_Hematuria_Age,,,,
macro_hem,uab,1,Yes,,pkd_associated_morbidities,1,Yes,,,,,,,,,,,,PMH_Gross_Hematuria,,,,
macro_hem,uab,2,No,,pkd_associated_morbidities,2,No,,,,,,,,,,,,PMH_Gross_Hematuria,,,,
macro_hem,uab,3,Unknown,,pkd_associated_morbidities,3,,,,,,,,,,,,,PMH_Gross_Hematuria,,,,
[N/A] ,uab,,,,,,,,,,,,,,,,,,PMH_Gross_Hematuria_Age,,,,
cr37,umb,1,Yes,,pmhhemat,1,Yes,,,radio,,,,,,,,,PMH_Gross_Hematuria,,,,
cr37,umb,0,No,,pmhhemat,0,No,,,radio,,,,,,,,,PMH_Gross_Hematuria,,,,
cr37,umb,88,Unknown,,pmhhemat,,,,,,,,,,,,,,PMH_Gross_Hematuria,,,,
[N/A],umb,,,,,,,,,,,,,,,,,,PMH_Gross_Hematuria_Age,,,,
urolit,uab,1,Yes,,pmhstones,1,Yes,,,radio,,,,,,,,,PMH_Stones,,,,
urolit,uab,2,No,,pmhstones,0,No,,,radio,,,,,,,,,PMH_Stones,,,,
urolit,uab,3,Unknown,,pmhstones,,,,,,,,,,,,,,PMH_Stones,,,,
mhstone,kumc,1,Yes,,pmhstones,1,Yes,,,radio,,,,,,,,,PMH_Stones,,,,
mhstone,kumc,0,No,,pmhstones,0,No,,,radio,,,,,,,,,PMH_Stones,,,,
cr43,umb,1,Yes,,pmhstones,1,Yes,,,radio,,,,,,,,,PMH_Stones,,,,
cr43,umb,0,No,,pmhstones,0,No,,,radio,,,,,,,,,PMH_Stones,,,,
cr43,umb,88,Unknown,,pmhstones,,,,,,,,,,,,,,PMH_Stones,,,,
mhsah,kumc,1,Yes,,pmhsah,1,Yes,,,radio,,,,,,,,,PMH_SAH,,,,
mhsah,kumc,0,No,,pmhsah,0,No,,,radio,,,,,,,,,PMH_SAH,,,,
cr50e,umb,1,Yes,,pmhsah,1,Yes,,,radio,,,,,,,,,PMH_SAH,,,,
cr50e,umb,0,No,,pmhsah,0,No,,,radio,,,,,,,,,PMH_SAH,,,,
cr50e,umb,88,Unknown,,pmhsah,888,UNK,,,,,,,,,,,,PMH_SAH,,,,
cr50a,umb,1,Yes,,pmhich,yes,Yes,,,,,,,,,,,,PMH_ICH,,,,
cr50a,umb,0,No,,pmhich,0,No,,,radio,,,,,,,,,PMH_ICH,,,,
cr50a,umb,88,Unknown,,pmhich,888,UNK,,,,,,,,,,,,PMH_ICH,,,,
cr50a,umb,55,not imaged,,pmhich,555,not imaged,,,,,,,,,,,,PMH_ICH,,,,
cr38,umb,1,Yes,,pmhuti,1,Yes,,,radio,,,,,,,,,PMH_UTI,,,,
cr38,umb,0,No,,pmhuti,0,No,,,radio,,,,,,,,,PMH_UTI,,,,
cr38,umb,88,Unknown,,pmhuti,888,UNK,,,,,,,,,,,,PMH_UTI,,,,
mhuti,kumc,1,Yes,,pmhuti,1,Yes,,,radio,,,,,,,,,PMH_UTI,,,,
mhuti,kumc,0,No,,pmhuti,0,No,,,radio,,,,,,,,,PMH_UTI,,,,
uritract,uab,1,Yes,,pmhuti,1,Yes,,,radio,,,,,,,,,PMH_UTI,,,,
uritract,uab,2,No,,pmhuti,0,No,,,radio,,,,,,,,,PMH_UTI,,,,
uritract,uab,3,Unknown,,pmhuti,888,UNK,,,,,,,,,,,,PMH_UTI,,,,
mhcystinfect,kumc,1,Yes,,pmhcystinfect,1,Yes,,,radio,,,,,,,,,PMH_CYSTINFXN,,,,
mhcystinfect,kumc,0,No,,pmhcystinfect,0,No,,,radio,,,,,,,,,PMH_CYSTINFXN,,,,
cr39,umb,1,Yes,,pmhcystinfect,1,Yes,,,radio,,,,,,,,,PMH_CYSTINFXN,,,,
cr39,umb,0,No,,pmhcystinfect,0,No,,,radio,,,,,,,,,PMH_CYSTINFXN,,,,
cr40,umb,88,Unknown,,pmhcystinfect,888,UNK,,,,,,,,,,,,PMH_CYSTINFXN,,,,
mhflankpain,kumc,1,Yes,,pmhflpain,1,Yes,,,radio,,,,,,,,,PMH_FLPAIN,,,,
mhflankpain,kumc,0,No,,pmhflpain,0,No,,,radio,,,,,,,,,PMH_FLPAIN,,,,
cr30a,umb,1,Yes,,pmhflpain,1,Yes,,,radio,,,,,,,,,PMH_FLPAIN,,,,
cr30a,umb,0,No,,pmhflpain,0,No,,,radio,,,,,,,,,PMH_FLPAIN,,,,
pnflnk,uab,1,Yes,,pmhflpain,1,Yes,,,radio,,,,,,,,,PMH_FLPAIN,,,,
pnflnk,uab,2,No,,pmhflpain,0,No,,,radio,,,,,,,,,PMH_FLPAIN,,,,
pnflnk,uab,3,Unknown,,pmhflpain,,,,,,,,,,,,,,PMH_FLPAIN,,,,
age_onset_pain,kumc,,,,pmhflpain_age_onset,,,,,text,,,,,,,,,PMH_FLPAIN_AGE,,,,
cr30b,umb,,,,pmhflpain_age_onset,,,,,text,,,,,,,,,PMH_FLPAIN_AGE,,,,
cr35,umb,1,Yes,,pmhabdpain,1,Yes,,,radio,,,,,,,,,PMH_ABDPAIN,,,,
cr35,umb,0,No,,pmhabdpain,0,No,,,radio,,,,,,,,,PMH_ABDPAIN,,,,
mhabdopain,kumc,1,Yes,,pmhabdpain,1,Yes,,,radio,,,,,,,,,PMH_ABDPAIN,,,,
mhabdopain,kumc,0,No,,pmhabdpain,0,No,,,radio,,,,,,,,,PMH_ABDPAIN,,,,
cr35,umb,1,Yes,,pmhabdpain,1,Yes,,,radio,,,,,,,,,PMH_ABDPAIN,,,,
cr35,umb,0,No,,pmhabdpain,0,No,,,radio,,,,,,,,,PMH_ABDPAIN,,,,
pnab,uab,1,Yes,,pmhabdpain,1,Yes,,,radio,,,,,,,,,PMH_ABDPAIN,,,,
pnab,uab,2,No,,pmhabdpain,0,No,,,radio,,,,,,,,,PMH_ABDPAIN,,,,
pnab,uab,3,Unknown,,pmhabdpain,,,,,,,,,,,,,,PMH_ABDPAIN,,,,
pnbk,uab,1,Yes,,pmhbkpain,1,Yes,,,radio,,,,,,,,,PMH_BKPAIN,,,,
pnbk,uab,2,No,,pmhbkpain,0,No,,,radio,,,,,,,,,PMH_BKPAIN,,,,
pnbk,uab,3,Unknown,,pmhbkpain,,,,,,,,,,,,,,PMH_BKPAIN,,,,
cr33,umb,1,Yes,,pmhbkpain,1,Yes,,,radio,,,,,,,,,PMH_BKPAIN,,,,
cr33,umb,0,No,,pmhbkpain,1,Yes,,,radio,,,,,,,,,PMH_BKPAIN,,,,
mhbackpain,kumc,1,Yes,,pmhbkpain,1,Yes,,,radio,,,,,,,,,PMH_BKPAIN,,,,
mhbackpain,kumc,0,No,,pmhbkpain,0,No,,,radio,,,,,,,,,PMH_BKPAIN,,,,
cr58,umb,1,Yes,,pmhhernia,1,Yes,,,radio,,,,,,,,,PMH_HERNIA,,,,
cr58,umb,0,No,,pmhhernia,0,No,,,radio,,,,,,,,,PMH_HERNIA,,,,
fmhistpkd,kumc,,Yes,,fmhistpkd,1,Yes,,,radio,,,,,,,,,family_hist_pkd,,,,
fmhistpkd,kumc,1,Yes,,fmhistpkd,1,Yes,,,radio,,,,,,,,,family_hist_pkd,,,,
fmhistpkd,kumc,2,No,,fmhistpkd,0,No,,,radio,,,,,,,,,family_hist_pkd,,,,
fmhistpkd,kumc,3,Unknown,,fmhistpkd,888,UNK,,,,,,,,,,,,family_hist_pkd,,,,
cr15,umb,1,Yes,,fmhistpkd,1,Yes,,,radio,,,,,,,,,family_hist_pkd,,,,
cr15,umb,0,No,,fmhistpkd,0,No,,,radio,,,,,,,,,family_hist_pkd,,,,
cr15,umb,88,Unknown,,fmhistpkd,888,UNK,,,,,,,,,,,,family_hist_pkd,,,,
fam_his_pkd,uab,1,Yes,,fmhistpkd,1,Yes,,,radio,,,,,,,,,family_hist_pkd,,,,
fam_his_pkd,uab,2,No,,fmhistpkd,0,No,,,radio,,,,,,,,,family_hist_pkd,,,,
fam_his_pkd,uab,3,Unknown,,fmhistpkd,,,,,,,,,,,,,,family_hist_pkd,,,,
TRGCALCFIELD,kumc,,,,mthr,,,"IF
(fm1rel==”Mother” & fm1diagn ==”Yes”){“Yes”}
ELSE IF
(fm1rel==”Mother” & fm1diagn ==”No”){“No”}
ELSE IF
(fm2rel==”Mother” & fm2diagn ==”Yes”){“Yes”}
ELSE IF
(fm2rel==”Mother” & fm2diagn ==”No”){“No”}
ELSE IF
(fm3rel==”Mother” & fm3diagn ==”Yes”){“Yes”}
ELSE IF
(fm3rel==”Mother” & fm3diagn ==”No”){“No”}
ELSE IF
(fm4rel==”Mother” & fm4diagn ==”Yes”){“Yes”}
ELSE IF
(fm4rel==”Mother” & fm4diagn ==”No”){“No”}
ELSE {NA}",,radio,,,,,,,,Y,mother_pkd_yn,,,,"fm1rel, fm1diagn, fm2rel, fm2diagn, fm3rel, fm3diagn, fm4rel, fm4diagn"
cr15b,umb,1,Yes,,mthr,1,Yes,,,radio,,,,,,,,,mother_pkd_yn,,,,
cr15b,umb,0,No,,mthr,0,No,,,radio,,,,,,,,,mother_pkd_yn,,,,
mthr,uab,1,Yes,,mthr,1,Yes,,,radio,,,,,,,,,mother_pkd_yn,,,,
mthr,uab,2,No,,mthr,0,No,,,radio,,,,,,,,,mother_pkd_yn,,,,
mthr,uab,3,Unknown,,mthr,888,UNK,,,radio,,,,,,,,,mother_pkd_yn,,,,
TRGCALCFIELD,kumc,,,,fthr,,,"IF
(fm1rel==”Father” & fm1diagn ==”Yes”){“Yes”}
ELSE IF
(fm1rel==”Father” & fm1diagn ==”No”){“No”}
ELSE IF
(fm2rel==”Father” & fm2diagn ==”Yes”){“Yes”}
ELSE IF
(fm2rel==”Father” & fm2diagn ==”No”){“No”}
ELSE IF
(fm3rel==”Father” & fm3diagn ==”Yes”){“Yes”}
ELSE IF
(fm3rel==”Father” & fm3diagn ==”No”){“No”}
ELSE IF
(fm4rel==”Father” & fm4diagn ==”Yes”){“Yes”}
ELSE IF
(fm4rel==”Father” & fm4diagn ==”No”){“No”}
ELSE {NA}",,radio,,,,,,,,Y,father_pkd_yn,,,,"fm1rel, fm1diagn, fm2rel, fm2diagn, fm3rel, fm3diagn, fm4rel, fm4diagn"
cr15c,umb,1,Yes,,fthr,1,Yes,,,radio,,,,,,,,,father_pkd_yn,,,,
cr15c,umb,0,No,,fthr,0,No,,,radio,,,,,,,,,father_pkd_yn,,,,
fthr,uab,1,Yes,,fthr,1,Yes,,,radio,,,,,,,,,father_pkd_yn,,,,
fthr,uab,2,No,,fthr,0,No,,,radio,,,,,,,,,father_pkd_yn,,,,
fthr,uab,3,Unknown,,fthr,888,UNK,,,radio,,,,,,,,,father_pkd_yn,,,,
prcon,uab,1,Yes,,prcon,1,Yes,,,radio,,,,,,,,,parental_consanguinity_yn,,,,
prcon,uab,2,No,,prcon,0,No,,,radio,,,,,,,,,parental_consanguinity_yn,,,,
prcon,uab,3,Unknown,,prcon,888,UNK,,,radio,,,,,,,,,parental_consanguinity_yn,,,,
partentdx,uab,,,prenatal_diagnosis,partentdx,1,Yes,,radio,radio,,,,birth_perinatal_history,,,,,,yes,,,
partentdx,uab,,,prenatal_diagnosis,partentdx,2,No,,radio,radio,,,,birth_perinatal_history,,,,,,no,,,
partentdx,uab,,,prenatal_diagnosis,partentdx,3,Unknown,,radio,radio,,,,birth_perinatal_history,,,,,,unknown,,,
gstagedx,uab,,,gestational_age_prenatal_dx_wks,gstagedx,,,,text,text,number,number,,birth_perinatal_history,,,,,,,,,
gestage,uab,,,gestational_age_at_birth_wks,gestage,,,,text,text,number,number,,birth_perinatal_history,,,,,,,,,
TRGCALCFIELD,umb,,,birth_weight_g,birth_weight,,,"IF
(c5a == ""kg""){cr5b*1000}
ELSE IF
(c5a == ""lb""){cr5b*453.6}
ELSE IF
(c5a == ""oz""){cr5b*28.3}
ELSE IF
(c5a == ""Birth Weight Unknown""){NA}
ELSE {NA}",text,text,number,number,,birth_perinatal_history,c5a is the variable for birthweight units,,,Y,,,,,"c5a, cr5b"
birth_weight,uab,,,birth_weight_g,birth_weight,,,,text,text,,number,,birth_perinatal_history,,,,,,,,,
birth_height,uab,,,birth_height_cm,birth_height,,,,text,text,,number,,birth_perinatal_history,,,,,,,,,
apgar1min,uab,,,apgar_score_1_min,apgar1min,,,,radio,radio,,,,birth_perinatal_history,,,,,,,,,
apgar5min,uab,,,apgar_score_5_min,apgar5min,,,,radio,radio,,,,birth_perinatal_history,,,,,,,,,
ultsound,uab,,,prenatal_ultrasound_yn,ultsound,,,,radio,radio,,,,birth_perinatal_history,,,,,,,,,
oligohydra,uab,,,oligo_an_hydramnios_yn,oligohydra,,,,radio,radio,,,,birth_perinatal_history,,,,,,,,,
prenat_enl_kidn,uab,,,prenatal_enlarged_kidneys_yn,prenat_enl_kidn,,,,radio,radio,,,,birth_perinatal_history,,,,,,,,,
renal_cyst,uab,,,prenatal_renal_cysts_yn,prenat_renal_cyst,,,,radio,radio,,,,birth_perinatal_history,,,,,,,,,
prenat_ren_abnor,uab,,,any_dysmorphologies_yn,prenat_ren_abnor,,,,radio,radio,,,,birth_perinatal_history,,,,,,,,,
nicu,uab,,,admission_nicu_yn,nicu,,,,radio,radio,,,,birth_perinatal_history,,,,,,,,,
interven,uab,,,neonatal_interventions_yn,interven,,,,radio,radio,,,,birth_perinatal_history,,,,,,,,,
ventil,uab,,,neonatal_ventilation_yn,ventil,,,,radio,radio,,,,birth_perinatal_history,,,,,,,,,
conven,uab,,,conventional_yn,conven,,,,radio,radio,,,,birth_perinatal_history,,,,,,,,,
rpamenarage,kumc,,,age_menarche_yr,,,,,,,,,,,,,,,,,,,
cr25,umb,,,age_menarche_yr,rpamenarage,,,,,text,,,,,,,,,,,,,
cr19,umb,1,Yes,infertility_history_yn,infertility_hx,1,Yes,,,yesno,,,,,,,,,,,,,
cr19,umb,0,No,infertility_history_yn,infertility_hx,0,No,,,yesno,,,,,,,,,,,,,
rpnumpreg,kumc,,,number_pregnancies,rpnumpreg,,,,,text,,,,,,,,,,,,,
cr21,umb,,,number_pregnancies,rpnumpreg,,,,,text,,,,,,,,,,,,,
rpnumliv,kumc,,,live_births,rpnumliv,,,,,,,,,,,,,,,,,,
cr22,umb,,,parity,parity,,,,,text,,,,,,,,,,,,,
rppregnt,kumc,1,Yes,currently_pregnant_yn,rppregnt,1,Yes,,,yesno,,,,,,,,,,,,,
rppregnt,kumc,0,No,currently_pregnant_yn,rppregnt,0,No,,,yesno,,,,,,,,,,,,,
cr23,umb,1,Yes,currently_pregnant_yn,rppregnt,1,Yes,,,yesno,,,,,,,,,,,,,
cr23,umb,0,No,currently_pregnant_yn,rppregnt,0,No,,,yesno,,,,,,,,,,,,,
cr23,umb,,,currently_pregnant_yn,rppregnt,,,,,,,,,,,,,,,,,,
cr24b,umb,,,uti_pregnancy_yn,uti_preg,,,,,,,,,,,,,,,,,,
cr24c,umb,,,pet_pregnancy_yn,pet_preg,,,,,,,,,,,,,,,,,,
cr24d,umb,,,eclampsia_pregnancy_yn,eclampsia_preg,,,,,,,,,,,,,,,,,,
cr24e,umb,,,pregnancy_assoc_proteinuria_yn,preg_prot,,,,,,,,,,,,,,,,,,
cr24f,umb,,,preg_induced_htn_yn,pih,,,,,,,,,,,,,,,,,,
cr24g,umb,,,htn_preterm_labor_yn,preterm_labor,,,,,,,,,,,,,,,,,,
cr24h,umb,,,iugr_yn,iugr,,,,,,,,,,,,,,,,,,
cr24i,umb,,,ectopic_preg_yn,ectopic,,,,,,,,,,,,,,,,,,
cr24j,umb,,,miscarriage_yn,miscarr,,,,,,,,,,,,,,,,,,
cr24k,umb,,,spont_abortion_yn,spabort,,,,,,,,,,,,,,,,,,
cr24l,umb,,,therap_abortion_yn,tabort,,,,,,,,,,,,,,,,,,
cr24m,umb,,,elective_abortion_yn,electabort,,,,,,,,,,,,,,,,,,
cr24n,umb,,,stillbirth_yn,stillbirth,,,,,,,,,,,,,,,,,,
cr24o,umb,,,gestational_dm_yn,gest_dm,,,,,,,,,,,,,,,,,,
cr24p,umb,,,edema_pregnancy_yn,preg_edema,,,,,,,,,,,,,,,,,,
cr24q,umb,,,hematuria_pregnancy_yn,preg_hemat,,,,,,,,,,,,,,,,,,
cr24r,umb,,,aki_pregnancy_yn,preg_aki,,,,,,,,,,,,,,,,,,
cr24s,umb,,,other_preg_complic_yn,preg_complic_other,,,,,text,,,,,,,,,,,,,
cr26,umb,,,contraception_method,contracep_method,,,,,text,,,,,,,,,,,,,
cr26a,umb,,,contraception_other,contracep_other,,,,,text,,,,,,,,,,,,,
cr27,umb,,,hx_hormone_rx_type,hormone_type,,,,,text,,,,,,,,,,,,,
cr27a,umb,,,hormone_contraception_age,hormcontracep_age,,,,,text,,,,,,,,,,,,,
cr27a1,umb,,,hormone_contraception_duration_yr,hormcontracep_dur,,,,,text,,,,,,,,,,,,,
cr27b,umb,,,estrogen_replacement_age,estreplage,,,,,text,,,,,,,,,,,,,
cr27b1,umb,,,estrogen_replacement_duration_yr,estrepldur,,,,,text,,,,,,,,,,,,,
cr27c,umb,,,infertility_rx_age,infertrxage,,,,,text,,,,,,,,,,,,,
cr27c1,umb,,,infertility_rx_dur,infertrxdur,,,,,text,,,,,,,,,,,,,
rpmenostat,kumc,1,Pre-Menopause,postmenopause_yn,rpmenostat,0,No,,,yesno,,,,,,,,,,,,,
rpmenostat,kumc,2,Peri-Menopause,postmenopause_yn,rpmenostat,0,No,,,yesno,,,,,,,,,,,,,
rpmenostat,kumc,3,Post-Menopause,postmenopause_yn,rpmenostat,1,Yes,,,yesno,,,,,,,,,,,,,
cr28,umb,1,Yes,postmenopause_yn,rpmenostat,1,Yes,,,yesno,,,,,,,,,,,,,
cr28,umb,0,No,postmenopause_yn,rpmenostat,0,No,,,yesno,,,,,,,,,,,,,
rpmenopage,kumc,,,age_menopause_yr,rpmenopage,,,,,text,,,,,,,,,,,,,
cr28a,umb,,,age_menopause_yr,rpmenopage,,,"difftime(cr28a, cr4, units = ""years"")",,text,,,,,,,,Y,,,,,
suteacups,kumc,,,caffeinated_beverages_tea_yn,teayn,,,"IF
(suteacups>0){""yes""}
ELSE IF
(suteacups=0){""no""}
ELSE {NA}",,,,,,,,,,Y,,,,,
cr66,umb,,,caffeinated_beverages_tea_yn,teayn,,,"IF
(cr66==""Yes, Tea"" | cr66==""Yes, Both""){""yes""}
ELSE IF
(cr66==""Yes, Coffee"" | cr66==""No, (both)""){""no""}
ELSE {NA}",,,,,,,,,,Y,,,,,
sucoffeecups,kumc,,,caffeinated_beverages_coffee_yn,coffeeyn,,,"IF
(sucoffeecups>0){""yes""}
ELSE IF
(sucoffeecups=0){""no""}
ELSE {NA}",,,,,,,,,,Y,,,,,
cr66,umb,,,caffeinated_beverages_coffee_yn,coffeeyn,,,"IF
(cr66==""Yes, Coffee"" | cr66==""Yes, Both""){""yes""}
ELSE IF
(cr66==""Yes, Tea"" | cr66==""No, (both)""){""no""}
ELSE {NA}",,,,,,,,,,Y,,,,,
susodacups,kumc,,,caffeinated_beverages_soda_yn,sodayn,,,"IF
(susodacups>0){""yes""}
ELSE IF
(susodacups=0){""no""}
ELSE {NA}",,,,,,,,,,Y,,,,,
TRGCALCFIELD,kumc,,,caffeine_intake_cups_cans_daily,caffintake,,,suteacups + sucoffeecups + susodacups,,text,,,,,,,,Y,,,,,"suteacups,
sucoffeecups,
susodacups"
cr66a,umb,,,caffeine_intake_cups_cans_daily,caffintake,,,,,text,,,,,,,,,,,,,
TRGCALCFIELD,kumc,,,caffeine_intake_duration_years,caffdur,,,"IF
(sucaffenage>=0){sucaffenage-sucaffstage}
ELSE IF
(sucaffenage=="""" & sucaffstage>=0){age-sucaffstage}
ELSE {NA}",,text,,,,,,,,Y,,,,,"sucaffstage,
sucaffenage,
age"
cr66b,umb,,,caffeine_intake_duration_years,caffdur,,,,,text,,,,,,,,,,,,,
susmok,kumc,1,Yes,smoked_ever_yn,smokever,1,Yes,,,yesno,,,,,,,,,,,,,
susmok,kumc,0,No,smoked_ever_yn,smokever,0,No,,,yesno,,,,,,,,,,,,,
TRGCALCFIELD,umb,,,smoked_ever_yn,smokever,,,"IF
(hb1==""Yes"" | hb9==""Yes"" | hb15==""Yes""){""yes"")
ELSE IF
(hb1==""No"" | hb9==""No"" | hb15==""No""){""no"")
ELSE {NA}",,,,,,,,,,Y,,,,,"hb1, hb9, hb15"
sucig,kumc,1,Yes,smoked_cigarettes_yn,cigsyn,1,Yes,,,yesno,,,,,,,,,,,,,
sucig,kumc,0,No,smoked_cigarettes_yn,cigsyn,0,No,,,yesno,,,,,,,,,,,,,
hb1,umb,1,Yes,smoked_cigarettes_yn,cigsyn,1,Yes,,,yesno,,,,,,,,,,,,,
hb1,umb,0,No,smoked_cigarettes_yn,cigsyn,0,No,,,yesno,,,,,,,,,,,,,
hb1,umb,88,Don't Know,smoked_cigarettes_yn,cigsyn,888,UNK,,,,,,,,,,,,,,,,
sucigdur,kumc,,,smoked_cigarettes_duration_yr,sucigdur,,,,,text,,,,,,,,,,,,,
TRGCALCFIELD,umb,,,smoked_cigarettes_duration_yr,,,,"IF
(hb3==”Yes”){difftime(crrdate, cr4, units = ""years"") – hb2a}
ELSE IF
(hb3==”No”){hb5a-hb2a}
ELSE {NA}",,,,,,,,,,Y,,,,,"hb2a, hb3, hb5a,
crrdate, cr4"
sucigpacks,kumc,,,smoked_cigarettes_packs_daily,,,,,,,,,,,,,,,,,,,
TRGCALCFIELD,umb,,,smoked_cigarettes_packs_daily,,,,"IF
(hb3==”Yes”){hb4/20}
ELSE IF
(hb3==”No”){hb6/20}
ELSE {NA}",,,,,,,,,,Y,,,,,"hb3, hb4, hb6"
hb9,umb,1,Yes,smoked_pipe_yn,pipeyn,1,Yes,,,yesno,,,,,,,,,,,,,
hb9,umb,0,No,smoked_pipe_yn,pipeyn,0,No,,,yesno,,,,,,,,,,,,,
hb9,umb,88,Don't Know,smoked_pipe_yn,pipeyn,888,UNK,,,,,,,,,,,,,,,,
hb15,umb,1,Yes,smoked_cigars_cigarillos_yn,cigarsyn,1,Yes,,,yesno,,,,,,,,,,,,,
hb15,umb,0,No,smoked_cigars_cigarillos_yn,cigarsyn,0,No,,,yesno,,,,,,,,,,,,,
hb15,umb,88,Don't Know,smoked_cigars_cigarillos_yn,cigarsyn,888,UNK,,,,,,,,,,,,,,,,
hb21,umb,1,Yes,chewing_tobacco_use_yn,chewtobac,1,Yes,,,yesno,,,,,,,,,,,,,
hb21,umb,0,No,chewing_tobacco_use_yn,chewtobac,0,No,,,yesno,,,,,,,,,,,,,
hb23,umb,1,Yes,snuff_use_yn,snuff,1,Yes,,,yesno,,,,,,,,,,,,,
hb23,umb,0,No,snuff_use_yn,snuff,0,No,,,yesno,,,,,,,,,,,,,
hb25,umb,1,Yes,nicotine_gum_use_yn,nicotgum,1,Yes,,,yesno,,,,,,,,,,,,,
hb25,umb,0,No,nicotine_gum_use_yn,nicotgum,0,No,,,yesno,,,,,,,,,,,,,
sualcohol,kumc,1,Yes,alcohol_consumption_yn,sualcohol,1,Yes,,,radio,,,,,,,,,,,,,
sualcohol,kumc,0,No,alcohol_consumption_yn,sualcohol,0,No,,,radio,,,,,,,,,,,,,
hb28,umb,1,Yes,alcohol_consumption_yn,sualcohol,1,Yes,,,radio,,,,,,,,,,,,,
hb28,umb,0,No,alcohol_consumption_yn,sualcohol,0,No,,,radio,,,,,,,,,,,,,
hb28,umb,88,Don't Know,alcohol_consumption_yn,sualcohol,888,UNK,,,,,,,,,,,,,,,,
TRGCALCFIELD,kumc,,,alcohol_consumption_duration_yr,sualcodur,,,"IF
(sualcoenage = “”){age – sualcostage}
ELSE IF
(sualcoenage >0){ sualcoenage – sualcostage}
ELSE {NA}",,text,,,,,,,,Y,,,,,"sualcostage,
sualcoenage"
TRGCALCFIELD,umb,,,alcohol_consumption_duration_yr,sualcodur,,,"IF
(hb30==”Yes”){difftime(crrdate, cr4, units = ""years"") – hb29a}
ELSE IF
(hb30==”No”){hb31a-hb29a}
ELSE {NA}",,text,,,,,,,,Y,,,,,"hb29a, hb30, hb31a,
crrdate, cr4"
sualcodrinks,kumc,,,alcohol_consumption_drinks_wkly,sualcodrinks,,,,,text,,,,,,,,,,,,,
TRGCALCFIELD,umb,,,alcohol_consumption_drinks_wkly,sualcodrinks,,,"IF
(hb30==”Yes”){hb35+hb36+hb37}
ELSE IF
(hb30==”No”){hb32+hb33+hb34}
ELSE {NA}",,text,,,,,,,,Y,,,,,"hb30, hb32, hb33,
hb34, hb35, hb36,
hb37"
sucannab,kumc,1,Yes,cannabanoid_use_yn,sucannab,1,Yes,,,radio,,,,,,,,,,,,,
sucannab,kumc,0,No,cannabanoid_use_yn,sucannab,0,No,,,radio,,,,,,,,,,,,,
hb38,umb,1,Yes,cannabanoid_use_yn,sucannab,1,Yes,,,radio,,,,,,,,,,,,,
hb38,umb,0,No,cannabanoid_use_yn,sucannab,0,No,,,radio,,,,,,,,,,,,,
hb38,umb,88,Don't Know,cannabanoid_use_yn,sucannab,888,UNK,,,,,,,,,,,,,,,,
hb39,umb,1,Yes,amphetamine_use_yn,suamphet,1,Yes,,,radio,,,,,,,,,,,,,
hb39,umb,0,No,amphetamine_use_yn,suamphet,0,No,,,radio,,,,,,,,,,,,,
hb39,umb,88,Don't Know,amphetamine_use_yn,suamphet,888,UNK,,,,,,,,,,,,,,,,
hb40,umb,1,Yes,cocaine_use_inhaled_yn,sucocaineinh,1,Yes,,,radio,,,,,,,,,,,,,
hb40,umb,0,No,cocaine_use_inhaled_yn,sucocaineinh,0,No,,,radio,,,,,,,,,,,,,
hb40,umb,88,Don't Know,cocaine_use_inhaled_yn,sucocaineinh,888,UNK,,,,,,,,,,,,,,,,
hb41,umb,1,Yes,cocaine_use_injected_yn,sucocaineinj,1,Yes,,,radio,,,,,,,,,,,,,
hb41,umb,0,No,cocaine_use_injected_yn,sucocaineinj,0,No,,,radio,,,,,,,,,,,,,
hb41,umb,88,Don't Know,cocaine_use_injected_yn,sucocaineinj,888,UNK,,,,,,,,,,,,,,,,
hb42,umb,1,Yes,heroin_use_inhaled_yn,suheroininh,1,Yes,,,radio,,,,,,,,,,,,,
hb42,umb,0,No,heroin_use_inhaled_yn,suheroininh,0,No,,,radio,,,,,,,,,,,,,
hb42,umb,88,Don't Know,heroin_use_inhaled_yn,suheroininh,888,UNK,,,,,,,,,,,,,,,,
hb43,umb,1,Yes,heroin_use_injected_yn,suheroininj,1,Yes,,,radio,,,,,,,,,,,,,
hb43,umb,0,No,heroin_use_injected_yn,suheroininj,0,No,,,radio,,,,,,,,,,,,,
hb43,umb,88,Don't Know,heroin_use_injected_yn,suheroininj,888,UNK,,,,,,,,,,,,,,,,
cr67,umb,1,Yes,environmental_nephrotoxin_exposure_yn,envtoxin,1,Yes,,radio,yesno,,,,env_nephrotoxins,,,,,,,,,
cr67,umb,0,No,environmental_nephrotoxin_exposure_yn,envtoxin,0,No,,radio,yesno,,,,env_nephrotoxins,,,,,,,,,
cr67,umb,88,Unknown,environmental_nephrotoxin_exposure_yn,envtoxin,888,UNK,,radio,radio,,,,env_nephrotoxins,,,,,,,,,
cr67a,umb,,,occupation,occupation,,,,text,text,,,,env_nephrotoxins,,,,,,,,,
cr67b1,umb,,,home_environmental_exposure,homeexpos,,,,radio,radio,,,,env_nephrotoxins,,,,,,,,,
cr67b2,umb,,,work_environmental_exposure,workexpos,,,,radio,radio,,,,env_nephrotoxins,,,,,,,,,
cr67b3,umb,,,other_environmental_exposure,otherexpos,,,,radio,radio,,,,env_nephrotoxins,,,,,,,,,
ct66b3sp,umb,,,other_environmental_exposure_specify,otherexpos_spec,,,,text,text,,,,env_nephrotoxins,,,,,,,,,
cr68,umb,1,Yes,nephrotoxic_contrast_exposure,contrast,1,Yes,,radio,yesno,,,,env_nephrotoxins,,,,,,,,,
cr68,umb,0,No,nephrotoxic_contrast_exposure,contrast,0,No,,radio,yesno,,,,env_nephrotoxins,,,,,,,,,
cr68,umb,88,Unknown,nephrotoxic_contrast_exposure,contrast,888,UNK,,radio,radio,,,,env_nephrotoxins,,,,,,,,,
cr68a,umb,,,nephrotoxic_contrast_exposure_number_of_times,contrastnum,,,,radio,text,,,,env_nephrotoxins,,,,,,,,,
cr69,umb,1,Yes,nephrolithotomy,nephrolithot,1,Yes,,radio,yesno,,,,env_nephrotoxins,,,,,,,,,
cr69,umb,0,No,nephrolithotomy,nephrolithot,0,No,,radio,yesno,,,,env_nephrotoxins,,,,,,,,,
cr69,umb,88,Unknown,nephrolithotomy,nephrolithot,888,UNK,,radio,radio,,,,env_nephrotoxins,,,,,,,,,
cr70,umb,1,Yes,blood_transfusion,bldtransf,1,Yes,,radio,yesno,,,,env_nephrotoxins,,,,,,,,,
cr70,umb,0,No,blood_transfusion,bldtransf,0,No,,radio,yesno,,,,env_nephrotoxins,,,,,,,,,
cr70,umb,88,Unknown,blood_transfusion,bldtransf,888,UNK,,radio,radio,,,,env_nephrotoxins,,,,,,,,,
cr70a,umb,,,blood_transfusion_number_of_times,bldtransfnum,,,,radio,text,,,,env_nephrotoxins,,,,,,,,,
tolvaptan_treat,kumc,1,Yes,,tolvaptan_treat,1,Yes,,yesno,yesno,,,,concomitant_meds,,,,,tolvaptan_treatment_current_yn,,,,
tolvaptan_treat,kumc,0,No,,tolvaptan_treat,0,No,,yesno,yesno,,,,concomitant_meds,,,,,tolvaptan_treatment_current_yn,,,,
TRGCALCFIELD,umb,,,,tolvaptan_treat,,,"IF
(cm1==”Done” & (cm6==”tolvaptan” | cm6 == “jynarque” |
cm7==”tolvaptan” | cm7 == “jynarque” |
cm8==”tolvaptan” | cm8 == “jynarque” |
cm9==”tolvaptan” | cm9 == “jynarque” |
cm10==”tolvaptan” | cm10 == “jynarque” |
cm11==”tolvaptan” | cm11 == “jynarque” |
cm12==”tolvaptan” | cm12 == “jynarque” |
cm13==”tolvaptan” | cm13 == “jynarque” |
cm14==”tolvaptan” | cm14 == “jynarque” |
cm15==”tolvaptan” | cm15 == “jynarque”)){“yes”}
ELSE IF
(cm1==”Done”) {“no”}
ELSE {NA}",radio,,,,,concomitant_meds,"If medication history was taken, search for ""tolvaptan"" or ""Jynarque"" in the medication name for meds 1-10 ",,,Y,tolvaptan_treatment_current_yn,,,,"cm1, cm6, cm7,
cm8, cm9, cm10,
cm11, cm12, cm13,
cm14, cm15"
omedspec,uab,,,,tolvaptan_treat,,,IF,radio,,,,,concomitant_meds,,,,Y,tolvaptan_treatment_current_yn,,,,
,,,,,,,,(omedspec==”tolvaptan” | omedspec == “jynarque”){yes”},,,,,,,,,,Y,,,,,
cr141,umb,,,,employstatus,,,,radio,radio,,,,work_status,,,,,employment_status,,,,
cr141a,umb,,,,employfull,,,,radio,radio,,,,work_status,,,,,full_time_employment,,,,
cr141b,umb,,,,employpart,,,,radio,radio,,,,work_status,,,,,part_time_employment,,,,
cr141b1,umb,,,,workhr,,,,text,text,number,number,,work_status,,,,,hours_per_week,,,,
cr141b2,umb,,,,limitbypkd,,,,yesno,radio,,,,work_status,,,,,part_time_bc_limited_by_pkd,,,,
cr141c,umb,,,,reasonunempl,,,,radio,radio,,,,work_status,,,,,reason_not_employed,,,,
cr141c1,umb,,,,retiredpkd,,,,yesno,radio,,,,work_status,,,,,retired_due_to_pkd,,,,
cr141c1a,umb,,,,retiredat,,,,text,text,date_dmy,date_mdy,,work_status,,,,,date_retired,,,,
cr141c2,umb,,,,unabletowork,,,,yesno,radio,,,,work_status,,,,,unable_to_work_due_to_pkd,,,,
cr141c2a,umb,,,,dateunabletowork,,,,text,text,date_dmy,date_mdy,,work_status,,,,,date_unable_to_work,,,,
cr141c3,umb,,,,reasonunempl_other,,,,text,text,,,,work_status,,,,,other_reason_unemployed,,,,
height,kumc,,,,height_m,,,height/100,,text,,number,,physical_exam,There is another variable for height associated with TKV imaging which is called subject_height,,,Y,height_exam_meters,,,,
TRGCALCFIELD,umb,,,,height_m,,,"IF
(pf8a!=””){pf8a/100}
ELSE IF
(pf8b!=””){pf8b*0.0254}
ELSE {NA}",,text,,number,,physical_exam,,,,Y,height_exam_meters,,,,"pf8a, pf8b"
weight,kumc,,,,weight,,,,text,text,number,number,,physical_exam,,,,,weight_exam_kg,,,,
pf8c,umb,,,,weight,,,,text,text,number,number,,physical_exam,,,,,weight_exam_kg,,,,
,,,,,bmi,,,,,calc,,,,physical_exam,"round([weight]*10000/([height_m]*[height_m]),1)",,,,bmi_kg/m2,,,,
pf9,umb,,,,waist,,,,text,text,number,number,,physical_exam,,,,,waist_circumference_cm,,,,
temp,kumc,,,,temp,,,,,text,,,,physical_exam,,,,,temp_exam_F,,,,
average_hr3,kumc,,,,average_hr3,,,,calc,text,,number,,physical_exam,,,,,pulse_avg3_bpm,,,,
pf15c,umb,,,,average_hr3,,,,text,text,number,number,,physical_exam,,,,,pulse_avg3_bpm,,,,
average_sysbp3,kumc,,,,average_sysbp3,,,calc,text,text,number,,,physical_exam,,,,Y,sbp_avg3_mmHg,,,,
pf15a,umb,,,,average_sysbp3,,,text,text,text,number,,,physical_exam,,,,Y,sbp_avg3_mmHg,,,,
average_diabp3,kumc,,,,average_diabp3,,,calc,text,text,number,,,physical_exam,,,,Y,dbp_avg3_mmHg,,,,
pf15b,umb,,,,average_diabp3,,,text,text,text,number,,,physical_exam,,,,Y,dbp_avg3_mmHg,,,,
tanner_stage,uab,,,,tanner_stage,,,,radio,radio,,,,physical_exam,,,,,tanner_stage,,,,
lbdtc,kumc,,,,blood_date,,,,text,text,,date_mdy,,lab_results,,,,,date_of_blood_collection,,,,
cr108a,umb,,,,blood_date,,,,text,text,,date_mdy,,lab_results,,,,,date_of_blood_collection,,,,
lstcreatinedt,uab,,,,blood_date,,,,text,text,,date_mdy,,lab_results,,,,,date_of_blood_collection,,,,
glucose,kumc,,,,glucose,,,,text,text,,number,,lab_results,,,,,blood_glucose_mg/dL,,,,
cr115,umb,,,,glucose,,,,text,text,,number,,lab_results,,,,,blood_glucose_mg/dL,,,,
bun,kumc,,,,bun,,,,text,text,,number,,lab_results,,,,,BUN_mg/dL,,,,
cr112,umb,,,,bun,,,,text,text,,number,,lab_results,,,,,BUN_mg/dL,,,,
bun,uab,,,,bun,,,,text,text,,number,,lab_results,,,,,BUN_mg/dL,,,,
creatinine,kumc,,,,creatinine,,,,text,text,number_2dp,number,,lab_results,Omitted any entered eGFRs - better to automate calculation,,,,serum_creatinine_mg/dL,,,,
cr113,umb,,,,creatinine,,,,text,text,,number,,lab_results,,,,,serum_creatinine_mg/dL,,,,
TRGCALCFIELD,uab,,,,creatinine,,,"IF
(creatinelvl==""mg/dl""){lstcreatine}
ELSE IF
(creatinelvl==""mmol/L""){lstcreatine/88.4}
ELSE {NA}",text,text,,number,,lab_results,"creatinelvl variable indicates units: 1, mg/dl | 2, mmol/L",,,Y,serum_creatinine_mg/dL,,,,"lstcreatine,
creatinelvl"
cystatin_c,uab,,,,cystatin,,,,text,text,,number,,lab_results,,,,,serum_cystatin_c_mg/l,,,,
,,,,,ckd_epi_egfr,,,,,calc,,,,lab_results,"round(142*(min([creatinine]/if([baseline_arm_1][sex]=1, 0.9, if([baseline_arm_1][sex]=2, 0.7, ""NaN"")), 1))^(if([baseline_arm_1][sex]=1, -0.302, if([baseline_arm_1][sex]=2, -0.241, ""NaN"")))*(max([creatinine]/if([baseline_arm_1][sex]=1, 0.9, if([baseline_arm_1][sex]=2, 0.7, ""NaN"")), 1))^(-1.2)*(0.9938)^([age])*if([baseline_arm_1][sex]=2, 1.012, 1), 1)",Need to ensure the baseline sex variable is coded with 1=Male and 2=Female,,,ckd_epi_2021 Cr-based_egfr,,,,
,,,,,schwartz_gfr,,,,,calc,,,,lab_results,"round(0.413*[height]/[creatinine], 1)",,,,bedside_schwartz_egfr,,,,
,,,,,ckid_gfr,,,,,calc,,,,lab_results,"round(39.8*([height]/[creatinine])^0.456*((1.8/[cystatin])^0.418)*(30/[bun])^0.079*if([baseline_arm_1][sex]=1, 1.076, 1)*([height]/1.4)^0.179, 1)",Need to ensure the baseline sex variable is coded with 1=Male and 2=Female,,,ckid_egfr,,,,
,,,,,u25_egfr_cr,,,,,calc,,,,lab_results,"round([height]/[creatinine]*if([baseline_arm_1][sex]=1,if([age]<12,39.0*(1.008)^([age]-12),if([age]<18,39.0*(1.045)^([age]-12),if([age]<25,50.8,""NaN""))),if([baseline_arm_1][sex]=2,if([age]<12,36.1*(1.008)^([age]-12),if([age]<18,36.1*(1.023)^([age]-12),if([age]<25,41.4,""NaN""))),""NaN"")))",Need to ensure the baseline sex variable is coded with 1=Male and 2=Female,,,ckid_agedep_u25_egfrcr,,,,
,,,,,u25_egfr_cysc,,,,,calc,,,,lab_results,"round(if([baseline_arm_1][sex]=1,if([age]<15,87.2*(1.011)^([age]-15),if([age]<18,87.2*(0.960)^([age]-15),if([age]<25,77.1,""NaN""))),if([baseline_arm_1][sex]=2,if([age]<12,79.9*(1.004)^([age]-12),if([age]<18,79.9*(0.974)^([age]-12),if([age]<25,68.3,""NaN""))),""NaN""))/[cystatin_c])",Need to ensure the baseline sex variable is coded with 1=Male and 2=Female,,,ckid_agedep_u25_egfrcysc,,,,
sodium,kumc,,,,sodium,,,,text,text,number,number,,lab_results,,,,,sodium_mmol/l,,,,
cr109,umb,,,,sodium,,,,text,text,number,number,,lab_results,,,,,sodium_mmol/l,,,,
na,uab,,,,sodium,,,,text,text,number,number,,lab_results,,,,,sodium_mmol/l,,,,
potassium,kumc,,,,potassium,,,,text,text,number_1dp,number,,lab_results,,,,,potassium_mmol/l,,,,
cr110,umb,,,,potassium,,,,text,text,number,number,,lab_results,,,,,potassium_mmol/l,,,,
k,uab,,,,potassium,,,,text,text,number,number,,lab_results,,,,,potassium_mmol/l,,,,
chloride,kumc,,,,chloride,,,,text,text,number,number,,lab_results,,,,,chloride_mmol/l,,,,
cr111,umb,,,,chloride,,,,text,text,number,number,,lab_results,,,,,chloride_mmol/l,,,,
carbon_dioxide,kumc,,,,carbon_dioxide,,,,text,text,number,number,,lab_results,,,,,total_carbon_dioxide_mmol/L,,,,
hco,uab,,,,carbon_dioxide,,,,text,text,number,number,,lab_results,,,,,total_carbon_dioxide_mmol/L,,,,
calcium,kumc,,,,calcium,,,,text,text,number_1dp,number,,lab_results,,,,,calcium_mg/dl,,,,
cr116,umb,,,,calcium,,,,text,text,number,number,,lab_results,,,,,calcium_mg/dl,,,,
ca,uab,,,,calcium,,,,text,text,number,number,,lab_results,,,,,calcium_mg/dl,,,,
cr117,umb,,,,phosphorus,,,,text,text,number,number,,lab_results,,,,,phosphorus_mg/dl,,,,
po,uab,,,,phosphorus,,,,text,text,number,number,,lab_results,,,,,phosphorus_mg/dl,,,,
cr118,umb,,,,tot_protein,,,,text,text,number,number,,lab_results,,,,,tot_protein_g/dl,,,,
cr119,umb,,,,albumin,,,,text,text,number,number,,lab_results,Reported in g/L instead of g/dL,,,,albumin_g/dl,,,,
album,uab,,,,albumin,,,album/10,text,text,number,number,,lab_results,,,,Y,albumin_g/dl,,,,
cr120,umb,,,,ast,,,,text,text,number,number,,lab_results,,,,,ast_u/l,,,,
ast,uab,,,,ast,,,,text,text,number,number,,lab_results,,,,,ast_u/l,,,,
cr121,umb,,,,alt,,,,text,text,number,number,,lab_results,,,,,alt_u/l,,,,
alt,uab,,,,alt,,,,text,text,number,number,,lab_results,,,,,alt_u/l,,,,
cr122,umb,,,,alk_phos,,,,text,text,number,number,,lab_results,,,,,alk_phos_u/l,,,,
alk_phos,uab,,,,alk_phos,,,,text,text,number,number,,lab_results,,,,,alk_phos_u/l,,,,
gamma,uab,,,,gamma_gt,,,,text,text,number,number,,lab_results,,,,,gamma_gt_u/l,,,,
cr123,umb,,,,total_bili,,,,text,text,number,number,,lab_results,,,,,total_bilirubin_mg/dl,,,,
bilirub,uab,,,,total_bili,,,,text,text,number,number,,lab_results,,,,,total_bilirubin_mg/dl,,,,
pth,uab,,,,pth,,,,text,text,number,number,,lab_results,,,,,pth_ng/l,,,,
cr124,umb,,,,choles,,,,text,text,number,number,,lab_results,,,,,total_cholesterol_mg/dl,,,,
choles,uab,,,,choles,,,,text,text,number,number,,lab_results,,,,,total_cholesterol_mg/dl,,,,
cr125,umb,,,,trigly,,,,text,text,number,number,,lab_results,,,,,triglycerides_mg/dl,,,,
trigly,uab,,,,trigly,,,,text,text,number,number,,lab_results,,,,,triglycerides_mg/dl,,,,
cr126,umb,,,,hdl,,,,text,text,number,number,,lab_results,,,,,hdl_mg/dl,,,,
hdl,uab,,,,hdl,,,,text,text,number,number,,lab_results,,,,,hdl_mg/dl,,,,
cr127,umb,,,,ldl,,,,text,text,number,number,,lab_results,,,,,ldl_mg/dl,,,,
ldl,uab,,,,ldl,,,,text,text,number,number,,lab_results,,,,,ldl_mg/dl,,,,
mg_dl,uab,,,,vldl,,,,text,text,number,number,,lab_results,,,,,vldl_mg/dl,,,,
uric,uab,,,,uric_acid,,,,text,text,number,number,,lab_results,,,,,uric_acid_mg/dl,,,,
ph,uab,,,,ph,,,,text,text,number,number,,lab_results,,,,,arterial_ph,,,,
crp,uab,,,,crp,,,,text,text,number,number,,lab_results,,,,,crp_mg/l,,,,
cr130,umb,,,,hgb,,,,text,text,number,number,,lab_results,,,,,hemoglobin_g/dl,,,,
hgb,uab,,,,hgb,,,,text,text,number,number,,lab_results,,,,,hemoglobin_g/dl,,,,
cr131,umb,,,,hct,,,,text,text,number,number,,lab_results,,,,,hematocrit,,,,
hct,uab,,,,hct,,,,text,text,number,number,,lab_results,,,,,hematocrit,,,,
cr129,umb,,,,rbc_k,,,,,text,number,,,,,,,,rbc_k/microl,,,,
mcv,uab,,,,mcv,,,,text,text,number,number,,lab_results,,,,,mean_corpuscular_volume_fl,,,,
mchc,uab,,,,mchc,,,,text,text,number,number,,lab_results,,,,,mean_corpuscular_hemoglobin_conc_g/dl,,,,
cr128,umb,,,,wbc_k,,,,,text,number,,,,,,,,wbc_k/microl,,,,
wbc,uab,,,,wbc_k,,,wbc/1000,text,text,number,number,,lab_results,Convert units from per microliter to k per microliter,,,Y,wbc_k/microl,,,,
cr132,umb,,,,platelets,,,,text,text,number,number,,lab_results,,,,,platelets_k/mcl,,,,
platecount,uab,,,,platelets,,,,text,text,number,number,,lab_results,,,,,platelets_k/mcl,,,,
fe,uab,,,,iron,,,,text,text,number,number,,lab_results,,,,,iron_mcg/dl,,,,
ferr,uab,,,,ferritin,,,,text,text,number,number,,lab_results,,,,,ferritin_ng/ml,,,,
transf,uab,,,,transferrin,,,,text,text,number,number,,lab_results,,,,,transferrin_mg/dl,,,,
pf,uab,,,,protime,,,,text,text,,number,,,,,,,prothrombin_time_s,,,,
inr,uab,,,,inr,,,,text,text,number,number,,lab_results,,,,,inr,,,,
lbdtc,kumc,,,,urine_date,,,,text,text,,date_mdy,,lab_results,,,,,date_of_urine_collection,,,,
cr134a,umb,,,,urine_date,,,,text,text,,date_mdy,,lab_results,,,,,date_of_urine_collection,,,,
lstcreatinedt,uab,,,,urine_date,,,,text,text,,date_mdy,,lab_results,Assume blood and urine collected on same date,,,,date_of_urine_collection,,,,
total_pr_urine,kumc,,,,total_pr_urine,,,,text,text,number,number,,lab_results,,,,,urine_total_protein_concentration_mg/dL,,,,
urine_prot,uab,,,,total_pr_urine,,,,text,text,,number,,lab_results,,,,,urine_total_protein_concentration_mg/dL,,,,
cr136,umb,,,,urine_microalb,,,cr136/10,text,text,,number,,lab_results,cr136 in units of mg/L,,,Y,urine_microalbumin_concentration_mg/dL,,,,
random_urine_creatinine,kumc,,,,urine_creatinine,,,,text,text,number,number,,lab_results,,,,,urine_creatinine_concentration_mg/dL,,,,
cr135,umb,,,,urine_creatinine,,,,text,text,,number,,lab_results,,,,,urine_creatinine_concentration_mg/dL,,,,
urine_creat,uab,,,,urine_creatinine,,,,text,text,,number,,lab_results,,,,,urine_creatinine_concentration_mg/dL,,,,
urine_calc,uab,,,,urine_calcium,,,,text,text,,number,,lab_results,,,,,urine_calcium_mg/dl,,,,
cr143,umb,,,,iohexol_gfr,,,,text,text,,integer,,lab_results,,,,,iohexol_gfr,,,,
scan_date,kumc,,,,kidmri_dat,,,,text,text,date_mdy,date_mdy,,mri_imaging,,,,,kidney_mri_date,,,,
cr104a,umb,,,,kidmri_dat,,,,text,text,date_mdy,date_mdy,,mri_imaging,,,,,kidney_mri_date,,,,
kmridt,uab,,,,kidmri_dat,,,,text,text,date_ymd,date_mdy,,mri_imaging,,,,,kidney_mri_date,,,,
kmrires,uab,,,,kmrires,,,,radio,text,,,,mri_imaging,,,,,gross_renal_cysts_mri,,,,
othrstdy,uab,,,,othrstdy,,,,radio,text,,,,mri_imaging,,,,,kidney_size_mri_qualitative,,,,
final_tkv_left,kumc,,,,kv_left,,,,text,text,,number,,mri_imaging,,,,,left_kidney_vol_ml,,,,
cr104b,umb,,,,kv_left,,,,text,text,number,number,,mri_imaging,,,,,left_kidney_vol_ml,,,,
cr104c,umb,,,,kl_mr_left,,,,text,text,number,number,,mri_imaging,,,,,left_kidney_length_mri_cm,,,,
final_tkv_right,kumc,,,,kv_right,,,,text,text,,number,,mri_imaging,,,,,right_kidney_vol_ml,,,,
cr104d,umb,,,,kv_right,,,,text,text,number,number,,mri_imaging,,,,,right_kidney_vol_ml,,,,
cr104e,umb,,,,kl_mr_right,,,,text,text,number,number,,mri_imaging,,,,,right_kidney_length_mri_cm,,,,
,,,,,tkv,,,,,calc,,,,mri_imaging,[left_kidney_vol_ml] + [right_kidney_vol_ml],,,,tkv_ml,,,,
subject_height,kumc,,,,subject_height,,,,number,text,,,,mri_imaging,,,,,subject_height_m,,,,
cr104g,umb,,,,subject_height,,,cr104g/100,number,text,,,,mri_imaging,,,,Y,subject_height_m,,,,
,,,,,httkv,,,,,calc,,,,mri_imaging,[tkv]/[subject_height],,,,height-adj_kidney_vol_ml/m,,,,
cr104k,umb,1A,1A,,mic2_yn,0,No,,dropdown,yesno,,,,mri_imaging,,,,,mayo_image_class_2,,,,
cr104k,umb,1B,1B,,mic2_yn,0,No,,dropdown,yesno,,,,mri_imaging,,,,,mayo_image_class_2,,,,
cr104k,umb,1C,1C,,mic2_yn,0,No,,dropdown,yesno,,,,mri_imaging,,,,,mayo_image_class_2,,,,
cr104k,umb,1D,1D,,mic2_yn,0,No,,dropdown,yesno,,,,mri_imaging,,,,,mayo_image_class_2,,,,
cr104k,umb,1E,1E,,mic2_yn,0,No,,dropdown,yesno,,,,mri_imaging,,,,,mayo_image_class_2,,,,
cr104k,umb,2,2,,mic2_yn,1,Yes,,dropdown,yesno,,,,mri_imaging,,,,,mayo_image_class_2,,,,
,,,,,mic,,,,,calc,,,,mri_imaging,"if(mic2_yn=1, “NaN”,if(([httkv]/150)^(1/[age])-1>0.06,5,if(([httkv]/150)^(1/[age])-1>0.045,4,if(([httkv]/150)^(1/[age])-1>0.03,3,if(([httkv]/150)^(1/[age])-1>=0.015,2, if(([httkv]/150)^(1/[age])-1<0.015,1,""NaN""))))))","Output is numerical (1=A, 2=B, 3=C, 4=D, 5=E).",,,mayo_image_class1_calc,,,,
scan_date,kumc,,,,livmri_dat,,,,text,text,date_mdy,date_mdy,,mri_imaging,,,,,liver_mri_date,,,,
cr104a,umb,,,,livmri_dat,,,,text,text,date_mdy,date_mdy,,mri_imaging,,,,,liver_mri_date,,,,
lvrmridt,uab,,,,livmri_dat,,,,text,text,date_ymd,date_mdy,,mri_imaging,,,,,liver_mri_date,,,,
mrilivercysts,kumc,1,Yes,,livercysts_mr_yn,1,Yes,,yesno,yesno,,,,mri_imaging,,,,,liver_cysts_mri_yn,,,,
mrilivercysts,kumc,0,No,,livercysts_mr_yn,0,No,,yesno,yesno,,,,mri_imaging,,,,,liver_cysts_mri_yn,,,,
cr104l3,umb,0,No cysts,,livercysts_mr_yn,0,No,,radio,yesno,,,,mri_imaging,,,,,liver_cysts_mri_yn,,,,
cr104l3,umb,1,Many simple cysts,,livercysts_mr_yn,1,Yes,,radio,yesno,,,,mri_imaging,,,,,liver_cysts_mri_yn,,,,
cr104l3,umb,2,Moderate simple cysts,,livercysts_mr_yn,1,Yes,,radio,yesno,,,,mri_imaging,,,,,liver_cysts_mri_yn,,,,
cr104l3,umb,3,Multiple simple cysts,,livercysts_mr_yn,1,Yes,,radio,yesno,,,,mri_imaging,,,,,liver_cysts_mri_yn,,,,
cr104l3,umb,4,Innumerable simple cysts,,livercysts_mr_yn,1,Yes,,radio,yesno,,,,mri_imaging,,,,,liver_cysts_mri_yn,,,,
lvrmri_cyst,uab,1,Yes,,livercysts_mr_yn,1,Yes,,radio,yesno,,,,mri_imaging,,,,,liver_cysts_mri_yn,,,,
lvrmri_cyst,uab,2,No,,livercysts_mr_yn,0,No,,radio,yesno,,,,mri_imaging,,,,,liver_cysts_mri_yn,,,,
lvrmri_cyst,uab,3,Unknown,,livercysts_mr_yn,,,,radio,radio,,,,mri_imaging,,,,,liver_cysts_mri_yn,,,,
cr104l3,umb,0,No cysts,,livercysts_mr_num,,,,radio,text,,,,mri_imaging,,,,,liver_cysts_mri_number,,,,
cr104l3,umb,1,Many simple cysts,,livercysts_mr_num,Many simple cysts,Many simple cysts,radio,radio,,,,mri_imaging,,,,,Y,liver_cysts_mri_number,,,,
cr104l3,umb,2,Moderate simple cysts,,livercysts_mr_num,Moderate simple cysts,Moderate simple cysts,radio,radio,,,,mri_imaging,,,,,Y,liver_cysts_mri_number,,,,
cr104l3,umb,3,Multiple simple cysts,,livercysts_mr_num,Multiple simple cysts,Multiple simple cysts,radio,radio,,,,mri_imaging,,,,,Y,liver_cysts_mri_number,,,,
cr104l3,umb,4,Innumerable simple cysts,,livercysts_mr_num,Innumerable simple cysts,Innumerable simple cysts,radio,radio,,,,mri_imaging,,,,,Y,liver_cysts_mri_number,,,,
cr104l1,umb,,,,tlv,,,,text,text,number,number,,mri_imaging,,,,,total_liver_volume_ml,,,,
,,,,,htlv,,,,,calc,,,,mri_imaging,[tlv]/[subject_height],,,,height-adj_liver_vol_ml/m,,,,
lvrmrires,uab,1,normal,,lvrmrires,1,Yes,,radio,yesno,,,,mri_imaging,,,,,intrahepatic_bile_duct_dilation_mri_yn,,,,
lvrmrires,uab,3,"dilated intrahepatic bile ducts [mild, moderate, or severe]",,lvrmrires,0,No,,radio,yesno,,,,mri_imaging,,,,,intrahepatic_bile_duct_dilation_mri_yn,,,,
lvrmriheplev,uab,,,,lvrmriheplev,,,,radio,radio,,,,mri_imaging,,,,,intrahepatic_bile_duct_dilation_mri_level,,,,
lvrmri_fibrosis,uab,1,Yes,,lvrmri_fibrosis,1,Yes,,radio,yesno,,,,mri_imaging,,,,,periportal_fibrosis_mri_yn,,,,
lvrmri_fibrosis,uab,2,No,,lvrmri_fibrosis,0,No,,radio,yesno,,,,mri_imaging,,,,,periportal_fibrosis_mri_yn,,,,
lvrmri_fibrosis,uab,3,Unknown,,lvrmri_fibrosis,,,,radio,radio,,,,mri_imaging,,,,,periportal_fibrosis_mri_yn,,,,
mricomments,kumc,,,,mricomments,,,,notes,notes,,,,mri_imaging,,,,,other_mr_findings,,,,
cr104m,umb,,,,mricomments,,,,notes,notes,,,,mri_imaging,,,,,other_mr_findings,,,,
kultsounddt,uab,,,,kultsounddt,,,,text,text,date_ymd,date_mdy,,us_imaging,,,,,date_kidney_ultrasound,,,,
kultsoundecho,uab,,,,kultsoundecho,,,,radio,radio,,,,us_imaging,,,,,echogenic_renal_parenchyma_us,,,,
kultsound_crdiff,uab,,,,kultsound_crdiff,,,,radio,radio,,,,us_imaging,,,,,reduced_cortex-medulla_differentiation_us,,,,
kultsoundres,uab,,,,kultsoundres,,,,radio,radio,,,,us_imaging,,,,,gross_renal_cysts_us,,,,
kultsound_cyst_location,uab,,,,kultsound_cyst_location,,,,radio,radio,,,,us_imaging,,,,,location_renal_cysts_us,,,,
ptpl_2,uab,,,,ptpl_2,,,,text,text,,number,,us_imaging,,,,,left_kidney_length_us_cm,,,,
ptpl,uab,,,,ptpl,,,,text,text,,number,,us_imaging,,,,,right_kidney_length_us_cm,,,,
lvrultdt,uab,,,,lvrultdt,,,,text,text,date_ymd,date_mdy,,us_imaging,,,,,date_liver_ultrasound,,,,
lvrultres,uab,1,normal,,lvrultechogen,0,No,,radio,yesno,,,,us_imaging,,,,,echogenic_liver_us,,,,
lvrultres,uab,2,echogenic liver,,lvrultechogen,1,Yes,,radio,yesno,,,,us_imaging,,,,,echogenic_liver_us,,,,
lvrultres,uab,3,"dilated intrahepatic bile ducts[mild, moderate, or severe]",,lvrultechogen,0,No,,radio,yesno,,,,us_imaging,,,,,echogenic_liver_us,,,,
lvrultres,uab,1,normal,,lvrultbiledilat,0,No,,radio,yesno,,,,us_imaging,,,,,intrahepatic_bile_duct_dilation_us_yn,,,,
lvrultres,uab,2,echogenic liver,,lvrultbiledilat,0,No,,radio,yesno,,,,us_imaging,,,,,intrahepatic_bile_duct_dilation_us_yn,,,,
lvrultres,uab,3,"dilated intrahepatic bile ducts[mild, moderate, or severe]",,lvrultbiledilat,1,Yes,,radio,yesno,,,,us_imaging,,,,,intrahepatic_bile_duct_dilation_us_yn,,,,
lvrultheplev,uab,,,,lvrultheplev,,,,radio,radio,,,,us_imaging,,,,,intrahepatic_bile_duct_dilation_us_level,,,,
lvrult_cyst,uab,1,Yes,,lvrult_cyst,1,Yes,,radio,yesno,,,,us_imaging,,,,,liver_cysts_us_yn,,,,
lvrult_cyst,uab,2,No,,lvrult_cyst,0,No,,radio,yesno,,,,us_imaging,,,,,liver_cysts_us_yn,,,,
lvrult_cyst,uab,3,Unknown,,lvrult_cyst,,,,radio,radio,,,,us_imaging,,,,,liver_cysts_us_yn,,,,
lveult_fibrosis,uab,1,Yes,,lveult_fibrosis,1,Yes,,radio,yesno,,,,us_imaging,,,,,periportal_fibrosis_us_yn,,,,
lveult_fibrosis,uab,2,No,,lveult_fibrosis,0,No,,radio,yesno,,,,us_imaging,,,,,periportal_fibrosis_us_yn,,,,
lveult_fibrosis,uab,3,Unknown,,lveult_fibrosis,,,,radio,radio,,,,us_imaging,,,,,periportal_fibrosis_us_yn,,,,
kctscandt,uab,,,,kctscandt,,,,text,text,date_ymd,date_mdy,,ct_imaging,,,,,date_kidney_ct,,,,
kctscanres,uab,,,,kctscanres,,,,radio,text,,,,ct_imaging,,,,,gross_renal_cysts_ct,,,,
lvrctscandt,uab,,,,lvrctscandt,,,,text,text,date_ymd,date_mdy,,ct_imaging,,,,,date_liver_ct,,,,
port_flow,uab,,,,port_flow,,,,radio,text,,,,ct_imaging,,,,,portal_flow_ct,,,,
lvrctscanres,uab,1,normal,,lvrctscannodul,no,No,,radio,radio,,,,ct_imaging,,,,,nodular_liver_ct,,,,
lvrctscanres,uab,2,nodular,,lvrctscannodul,yes,Yes,,radio,radio,,,,ct_imaging,,,,,nodular_liver_ct,,,,
lvrctscanres,uab,3,"dilated intrahepatic bile ducts[mild, moderate, or severe]",,lvrctscannodul,no,No,,radio,radio,,,,ct_imaging,,,,,nodular_liver_ct,,,,
lvrctscanres,uab,1,normal,,lvrultbiledilat,0,No,,radio,yesno,,,,ct_imaging,,,,,intrahepatic_bile_duct_dilation_ct_yn,,,,
lvrctscanres,uab,2,nodular,,lvrultbiledilat,0,No,,radio,yesno,,,,ct_imaging,,,,,intrahepatic_bile_duct_dilation_ct_yn,,,,
lvrctscanres,uab,3,"dilated intrahepatic bile ducts[mild, moderate, or severe]",,lvrultbiledilat,1,Yes,,radio,yesno,,,,ct_imaging,,,,,intrahepatic_bile_duct_dilation_ct_yn,,,,
lvrctheplev,uab,,,,lvrctheplev,,,,radio,text,,,,ct_imaging,,,,,intrahepatic_bile_duct_dilation_ct_level,,,,
lvrctscan_cyst,uab,1,Yes,,lvrctscan_cyst,1,Yes,,radio,yesno,,,,ct_imaging,,,,,liver_cysts_ct_yn,,,,
lvrctscan_cyst,uab,2,No,,lvrctscan_cyst,0,No,,radio,yesno,,,,ct_imaging,,,,,liver_cysts_ct_yn,,,,
lvrctscan_cyst,uab,3,Unknown,,lvrctscan_cyst,,,,radio,radio,,,,ct_imaging,,,,,liver_cysts_ct_yn,,,,
lvrctscan_fibrosis,uab,1,Yes,,lvrctscan_fibrosis,1,Yes,,radio,yesno,,,,ct_imaging,,,,,periportal_fibrosis_ct_yn,,,,
lvrctscan_fibrosis,uab,2,No,,lvrctscan_fibrosis,0,No,,radio,yesno,,,,ct_imaging,,,,,periportal_fibrosis_ct_yn,,,,
lvrctscan_fibrosis,uab,3,Unknown,,lvrctscan_fibrosis,,,,radio,radio,,,,ct_imaging,,,,,periportal_fibrosis_ct_yn,,,,
cnsimg,uab,1,Yes,,cnsimg,yes,Yes,,radio,radio,,,,cns_imaging,,,,,cns_imaging,,,,
cnsimg,uab,4,No,,cnsimg,no,No,,radio,radio,,,,cns_imaging,,,,,cns_imaging,,,,
cnsimg,uab,3,Unknown,,cnsimg,,,,radio,radio,,,,cns_imaging,,,,,cns_imaging,,,,
cnsus,uab,1,Yes,,cnsus,yes,Yes,,radio,radio,,,,cns_imaging,,,,,cns_ultrasound,,,,
cnsus,uab,2,No,,cnsus,no,No,,radio,radio,,,,cns_imaging,,,,,cns_ultrasound,,,,
cnsus,uab,3,Unknown,,cnsus,,,,radio,radio,,,,cns_imaging,,,,,cns_ultrasound,,,,
datecnsus,uab,,,,datecnsus,,,,text,text,date_mdy,date_mdy,,cns_imaging,,,,,date_cns_ultrasound,,,,
cnsfib,uab,,,,cnsfib,,,,text,text,,,,cns_imaging,,,,,cns_fibrosis,,,,
cnsmri,uab,,,,cnsmri,,,,text,text,,,,cns_imaging,,,,,cns_mri,,,,
datecnsmri,uab,,,,datecnsmri,,,,text,text,,date_mdy,,cns_imaging,,,,,date_cns_mri,,,,
patimestamp,umb,,,,patimestamp,,,,text,text,datetime_seconds_mdy,datetime_seconds_mdy,,physical_activity_questionnaire,,,,,physical_activity_questionnaire_datetime,,,,
pa1,umb,1,Yes,,pa1,1,Yes,,radio,radio,,,,physical_activity_questionnaire,,,,,walking_for_exercise,,,,
pa1,umb,0,No,,pa1,0,No,,radio,radio,,,,physical_activity_questionnaire,,,,,walking_for_exercise,,,,
pa1,umb,88,Don't Know,,pa1,888,UNK,,radio,radio,,,,physical_activity_questionnaire,,,,,walking_for_exercise,,,,
pa2,umb,1,Yes,,pa2,1,Yes,,radio,radio,,,,physical_activity_questionnaire,,,,,moderate_household_chores,,,,
pa2,umb,0,No,,pa2,0,No,,radio,radio,,,,physical_activity_questionnaire,,,,,moderate_household_chores,,,,
pa2,umb,88,Don't Know,,pa2,888,UNK,,radio,radio,,,,physical_activity_questionnaire,,,,,moderate_household_chores,,,,
pa3,umb,1,Yes,,pa3,1,Yes,,radio,radio,,,,physical_activity_questionnaire,,,,,mowing_lawn,,,,
pa3,umb,0,No,,pa3,0,No,,radio,radio,,,,physical_activity_questionnaire,,,,,mowing_lawn,,,,
pa3,umb,88,Don't Know,,pa3,888,UNK,,radio,radio,,,,physical_activity_questionnaire,,,,,mowing_lawn,,,,
pa4,umb,1,Yes,,pa4,1,Yes,,radio,radio,,,,physical_activity_questionnaire,,,,,raking_lawn,,,,
pa4,umb,0,No,,pa4,0,No,,radio,radio,,,,physical_activity_questionnaire,,,,,raking_lawn,,,,
pa4,umb,88,Don't Know,,pa4,888,UNK,,radio,radio,,,,physical_activity_questionnaire,,,,,raking_lawn,,,,
pa5,umb,1,Yes,,pa5,1,Yes,,radio,radio,,,,physical_activity_questionnaire,,,,,gardening,,,,
pa5,umb,0,No,,pa5,0,No,,radio,radio,,,,physical_activity_questionnaire,,,,,gardening,,,,
pa5,umb,88,Don't Know,,pa5,888,UNK,,radio,radio,,,,physical_activity_questionnaire,,,,,gardening,,,,
pa6,umb,1,Yes,,pa6,1,Yes,,radio,radio,,,,physical_activity_questionnaire,,,,,hiking,,,,
pa6,umb,0,No,,pa6,0,No,,radio,radio,,,,physical_activity_questionnaire,,,,,hiking,,,,
pa6,umb,88,Don't Know,,pa6,888,UNK,,radio,radio,,,,physical_activity_questionnaire,,,,,hiking,,,,
pa7,umb,1,Yes,,pa7,1,Yes,,radio,radio,,,,physical_activity_questionnaire,,,,,jogging,,,,
pa7,umb,0,No,,pa7,0,No,,radio,radio,,,,physical_activity_questionnaire,,,,,jogging,,,,
pa7,umb,88,Don't Know,,pa7,888,UNK,,radio,radio,,,,physical_activity_questionnaire,,,,,jogging,,,,
pa8,umb,1,Yes,,pa8,1,Yes,,radio,radio,,,,physical_activity_questionnaire,,,,,biking,,,,
pa8,umb,0,No,,pa8,0,No,,radio,radio,,,,physical_activity_questionnaire,,,,,biking,,,,
pa8,umb,88,Don't Know,,pa8,888,UNK,,radio,radio,,,,physical_activity_questionnaire,,,,,biking,,,,
pa9,umb,1,Yes,,pa9,1,Yes,,radio,radio,,,,physical_activity_questionnaire,,,,,exercise_cycling,,,,
pa9,umb,0,No,,pa9,0,No,,radio,radio,,,,physical_activity_questionnaire,,,,,exercise_cycling,,,,
pa9,umb,88,Don't Know,,pa9,888,UNK,,radio,radio,,,,physical_activity_questionnaire,,,,,exercise_cycling,,,,
pa10,umb,1,Yes,,pa10,1,Yes,,radio,radio,,,,physical_activity_questionnaire,,,,,dancing,,,,
pa10,umb,0,No,,pa10,0,No,,radio,radio,,,,physical_activity_questionnaire,,,,,dancing,,,,
pa10,umb,88,Don't Know,,pa10,888,UNK,,radio,radio,,,,physical_activity_questionnaire,,,,,dancing,,,,
pa11,umb,1,Yes,,pa11,1,Yes,,radio,radio,,,,physical_activity_questionnaire,,,,,aerobics,,,,
pa11,umb,0,No,,pa11,0,No,,radio,radio,,,,physical_activity_questionnaire,,,,,aerobics,,,,
pa11,umb,88,Don't Know,,pa11,888,UNK,,radio,radio,,,,physical_activity_questionnaire,,,,,aerobics,,,,
pa12,umb,1,Yes,,pa12,1,Yes,,radio,radio,,,,physical_activity_questionnaire,,,,,bowling,,,,
pa12,umb,0,No,,pa12,0,No,,radio,radio,,,,physical_activity_questionnaire,,,,,bowling,,,,
pa12,umb,88,Don't Know,,pa12,888,UNK,,radio,radio,,,,physical_activity_questionnaire,,,,,bowling,,,,
pa13,umb,1,Yes,,pa13,1,Yes,,radio,radio,,,,physical_activity_questionnaire,,,,,golf,,,,
pa13,umb,0,No,,pa13,0,No,,radio,radio,,,,physical_activity_questionnaire,,,,,golf,,,,
pa13,umb,88,Don't Know,,pa13,888,UNK,,radio,radio,,,,physical_activity_questionnaire,,,,,golf,,,,
pa14,umb,1,Yes,,pa14,1,Yes,,radio,radio,,,,physical_activity_questionnaire,,,,,calisthenics,,,,
pa14,umb,0,No,,pa14,0,No,,radio,radio,,,,physical_activity_questionnaire,,,,,calisthenics,,,,
pa14,umb,88,Don't Know,,pa14,888,UNK,,radio,radio,,,,physical_activity_questionnaire,,,,,calisthenics,,,,
pa15,umb,1,Yes,,pa15,1,Yes,,radio,radio,,,,physical_activity_questionnaire,,,,,swimming,,,,
pa15,umb,0,No,,pa15,0,No,,radio,radio,,,,physical_activity_questionnaire,,,,,swimming,,,,
pa15,umb,88,Don't Know,,pa15,888,UNK,,radio,radio,,,,physical_activity_questionnaire,,,,,swimming,,,,
pa16,umb,1,Yes,,pa16,1,Yes,,radio,radio,,,,physical_activity_questionnaire,,,,,other_activities,,,,
pa16,umb,0,No,,pa16,0,No,,radio,radio,,,,physical_activity_questionnaire,,,,,other_activities,,,,
pa16,umb,88,Don't Know,,pa16,888,UNK,,radio,radio,,,,physical_activity_questionnaire,,,,,other_activities,,,,
pa1a,umb,,,,pa1a,,,,text,text,number,number,,physical_activity_questionnaire,,,,,times_in_the_past_two_weeks_walking_for_exercise,,,,
pa1b,umb,,,,pa1b,,,,text,text,number,number,,physical_activity_questionnaire,,,,,hours_spent_per_session_walking_for_exercise,,,,
pa1c,umb,,,,pa1c,,,,text,text,number,number,,physical_activity_questionnaire,,,,,minutes_spent_per_session_walking_for_exercise,,,,
pa1d,umb,,,,pa1d,,,,text,text,number,number,,physical_activity_questionnaire,,,,,months_per_year_spent_on_activity_walking_for_exercise,,,,
pa2a,umb,,,,pa2a,,,,text,text,number,number,,physical_activity_questionnaire,,,,,"times_in_the_past_two_weeks_moderately_strenuous_household_chores_(e.g.,_scrubbing,_vacuuming)",,,,
pa2b,umb,,,,pa2b,,,,text,text,number,number,,physical_activity_questionnaire,,,,,"hours_spent_per_session_moderately_strenuous_household_chores_(e.g.,_scrubbing,_vacuuming)",,,,
pa2c,umb,,,,pa2c,,,,text,text,number,number,,physical_activity_questionnaire,,,,,"minutes_spent_per_session_moderately_strenuous_household_chores_(e.g.,_scrubbing,_vacuuming)",,,,
pa2d,umb,,,,pa2d,,,,text,text,number,number,,physical_activity_questionnaire,,,,,"months_per_year_spent_on_activity_moderately_strenuous_household_chores_(e.g.,_scrubbing,_vacuuming)",,,,
pa3a,umb,,,,pa3a,,,,text,text,number,number,,physical_activity_questionnaire,,,,,times_in_the_past_two_weeks_mowing_the_lawn,,,,
pa3b,umb,,,,pa3b,,,,text,text,number,number,,physical_activity_questionnaire,,,,,hours_spent_per_session_mowing_the_lawn,,,,
pa3c,umb,,,,pa3c,,,,text,text,number,number,,physical_activity_questionnaire,,,,,minutes_spent_per_session_mowing_the_lawn,,,,
pa3d,umb,,,,pa3d,,,,text,text,number,number,,physical_activity_questionnaire,,,,,months_per_year_spent_on_activity_mowing_the_lawn,,,,
pa4a,umb,,,,pa4a,,,,text,text,number,number,,physical_activity_questionnaire,,,,,times_in_the_past_two_weeks_raking_the_lawn,,,,
pa4b,umb,,,,pa4b,,,,text,text,number,number,,physical_activity_questionnaire,,,,,hours_spent_per_session_raking_the_lawn,,,,
pa4c,umb,,,,pa4c,,,,text,text,number,number,,physical_activity_questionnaire,,,,,minutes_spent_per_session_raking_the_lawn,,,,
pa4d,umb,,,,pa4d,,,,text,text,number,number,,physical_activity_questionnaire,,,,,months_per_year_spent_on_activity_raking_the_lawn,,,,
pa5a,umb,,,,pa5a,,,,text,text,number,number,,physical_activity_questionnaire,,,,,times_in_the_past_two_weeks_gardening,,,,
pa5b,umb,,,,pa5b,,,,text,text,number,number,,physical_activity_questionnaire,,,,,hours_spent_per_session_gardening,,,,
pa5c,umb,,,,pa5c,,,,text,text,number,number,,physical_activity_questionnaire,,,,,minutes_spent_per_session_gardening,,,,
pa5d,umb,,,,pa5d,,,,text,text,number,number,,physical_activity_questionnaire,,,,,months_per_year_spent_on_activity_gardening,,,,
pa6a,umb,,,,pa6a,,,,text,text,number,number,,physical_activity_questionnaire,,,,,times_in_the_past_two_weeks_hiking,,,,
pa6b,umb,,,,pa6b,,,,text,text,number,number,,physical_activity_questionnaire,,,,,hours_spent_per_session_hiking,,,,
pa6c,umb,,,,pa6c,,,,text,text,number,number,,physical_activity_questionnaire,,,,,minutes_spent_per_session_hiking,,,,
pa6d,umb,,,,pa6d,,,,text,text,number,number,,physical_activity_questionnaire,,,,,months_per_year_spent_on_activity_hiking,,,,
pa7a,umb,,,,pa7a,,,,text,text,number,number,,physical_activity_questionnaire,,,,,times_in_the_past_two_weeks_jogging,,,,
pa7b,umb,,,,pa7b,,,,text,text,number,number,,physical_activity_questionnaire,,,,,hours_spent_per_session_jogging,,,,
pa7c,umb,,,,pa7c,,,,text,text,number,number,,physical_activity_questionnaire,,,,,minutes_spent_per_session_jogging,,,,
pa7d,umb,,,,pa7d,,,,text,text,number,number,,physical_activity_questionnaire,,,,,months_per_year_spent_on_activity_jogging,,,,
pa8a,umb,,,,pa8a,,,,text,text,number,number,,physical_activity_questionnaire,,,,,times_in_the_past_two_weeks_biking,,,,
pa8b,umb,,,,pa8b,,,,text,text,number,number,,physical_activity_questionnaire,,,,,hours_spent_per_session_biking,,,,
pa8c,umb,,,,pa8c,,,,text,text,number,number,,physical_activity_questionnaire,,,,,minutes_spent_per_session_biking,,,,
pa8d,umb,,,,pa8d,,,,text,text,number,number,,physical_activity_questionnaire,,,,,months_per_year_spent_on_activity_biking,,,,
pa9a,umb,,,,pa9a,,,,text,text,number,number,,physical_activity_questionnaire,,,,,times_in_the_past_two_weeks_exercising_cycle,,,,
pa9b,umb,,,,pa9b,,,,text,text,number,number,,physical_activity_questionnaire,,,,,hours_spent_per_session_exercising_cycle,,,,
pa9c,umb,,,,pa9c,,,,text,text,number,number,,physical_activity_questionnaire,,,,,minutes_spent_per_session_exercising_cycle,,,,
pa9d,umb,,,,pa9d,,,,text,text,number,number,,physical_activity_questionnaire,,,,,months_per_year_spent_on_activity_exercising_cycle,,,,
pa10a,umb,,,,pa10a,,,,text,text,number,number,,physical_activity_questionnaire,,,,,times_in_the_past_two_weeks_dancing,,,,
pa10b,umb,,,,pa10b,,,,text,text,number,number,,physical_activity_questionnaire,,,,,hours_spent_per_session_dancing,,,,
pa10c,umb,,,,pa10c,,,,text,text,number,number,,physical_activity_questionnaire,,,,,minutes_spent_per_session_dancing,,,,
pa10d,umb,,,,pa10d,,,,text,text,number,number,,physical_activity_questionnaire,,,,,months_per_year_spent_on_activity_dancing,,,,
pa11a,umb,,,,pa11a,,,,text,text,number,number,,physical_activity_questionnaire,,,,,times_in_the_past_two_weeks_aerobics/aerobic_dance,,,,
pa11b,umb,,,,pa11b,,,,text,text,number,number,,physical_activity_questionnaire,,,,,hours_spent_per_session_aerobics/aerobic_dance,,,,
pa11c,umb,,,,pa11c,,,,text,text,number,number,,physical_activity_questionnaire,,,,,minutes_spent_per_session_aerobics/aerobic_dance,,,,
pa11d,umb,,,,pa11d,,,,text,text,number,number,,physical_activity_questionnaire,,,,,months_per_year_spent_on_activity_aerobics/aerobic_dance,,,,
pa12a,umb,,,,pa12a,,,,text,text,number,number,,physical_activity_questionnaire,,,,,times_in_the_past_two_weeks_bowling,,,,
pa12b,umb,,,,pa12b,,,,text,text,number,number,,physical_activity_questionnaire,,,,,hours_spent_per_session_bowling,,,,
pa12c,umb,,,,pa12c,,,,text,text,number,number,,physical_activity_questionnaire,,,,,minutes_spent_per_session_bowling,,,,
pa12d,umb,,,,pa12d,,,,text,text,number,number,,physical_activity_questionnaire,,,,,months_per_year_spent_on_activity_bowling,,,,
pa13a,umb,,,,pa13a,,,,text,text,number,number,,physical_activity_questionnaire,,,,,times_in_the_past_two_weeks_golf,,,,
pa13b,umb,,,,pa13b,,,,text,text,number,number,,physical_activity_questionnaire,,,,,hours_spent_per_session_golf,,,,
pa13c,umb,,,,pa13c,,,,text,text,number,number,,physical_activity_questionnaire,,,,,minutes_spent_per_session_golf,,,,
pa13d,umb,,,,pa13d,,,,text,text,number,number,,physical_activity_questionnaire,,,,,months_per_year_spent_on_activity_golf,,,,
pa14a,umb,,,,pa14a,,,,text,text,number,number,,physical_activity_questionnaire,,,,,times_in_the_past_two_weeks_calisthenics/general_exercise,,,,
pa14b,umb,,,,pa14b,,,,text,text,number,number,,physical_activity_questionnaire,,,,,hours_spent_per_session_calisthenics/general_exercise,,,,
pa14c,umb,,,,pa14c,,,,text,text,number,number,,physical_activity_questionnaire,,,,,minutes_spent_per_session_calisthenics/general_exercise,,,,
pa14d,umb,,,,pa14d,,,,text,text,number,number,,physical_activity_questionnaire,,,,,months_per_year_spent_on_activity_calisthenics/general_exercise,,,,
pa15a,umb,,,,pa15a,,,,text,text,number,number,,physical_activity_questionnaire,,,,,times_in_the_past_two_weeks_swimming,,,,
pa15b,umb,,,,pa15b,,,,text,text,number,number,,physical_activity_questionnaire,,,,,hours_spent_per_session_swimming,,,,
pa15c,umb,,,,pa15c,,,,text,text,number,number,,physical_activity_questionnaire,,,,,minutes_spent_per_session_swimming,,,,
pa15d,umb,,,,pa15d,,,,text,text,number,number,,physical_activity_questionnaire,,,,,months_per_year_spent_on_activity_swimming,,,,
pa16a,umb,,,,pa16a,,,,text,text,number,number,,physical_activity_questionnaire,,,,,times_in_the_past_two_weeks_other_activities,,,,
pa16b,umb,,,,pa16b,,,,text,text,number,number,,physical_activity_questionnaire,,,,,hours_spent_per_session_other_activities,,,,
pa16c,umb,,,,pa16c,,,,text,text,number,number,,physical_activity_questionnaire,,,,,minutes_spent_per_session_other_activities,,,,
pa16d,umb,,,,pa16d,,,,text,text,number,number,,physical_activity_questionnaire,,,,,months_per_year_spent_on_activity_other_activities,,,,
sub_genetictest,kumc,1,Yes,,gentest,1,Yes,,yesno,yesno,,,,genetic_testing,,,,,genetic_test_yn,,,,
sub_genetictest,kumc,0,No,,gentest,0,No,,yesno,yesno,,,,genetic_testing,,,,,genetic_test_yn,,,,
gen_test_perf,uab,1,Yes,,gentest,1,Yes,,radio,yesno,,,,genetic_testing,,,,,genetic_test_yn,,,,
gen_test_perf,uab,2,No,,gentest,0,No,,radio,yesno,,,,genetic_testing,,,,,genetic_test_yn,,,,
gen_test_perf,uab,3,Unknown,,gentest,,,,radio,radio,,,,genetic_testing,,,,,genetic_test_yn,,,,
pkdresults,umb,,PKD1,,gentest,1,Yes,,radio,yesno,,,,genetic_testing,,,,,genetic_test_yn,,,,
pkdresults,umb,,PKD2,,gentest,1,Yes,,radio,yesno,,,,genetic_testing,,,,,genetic_test_yn,,,,
pkdresults,umb,3,Other,,gentest,1,Yes,,radio,yesno,,,,genetic_testing,,,,,genetic_test_yn,,,,
pkdresults,umb,88,Unknown,,gentest,888,UNK,,radio,radio,,,,genetic_testing,,,,,genetic_test_yn,,,,
pkd1gentest,kumc,1,Mutation found in sequencing,,pkd1mut_yn,1,Yes,,radio,yesno,,,,genetic_testing,,,,,pkd1_mutation,,,,
pkd1gentest,kumc,2,Positive result based on linkage only,,pkd1mut_yn,1,Yes,,radio,yesno,,,,genetic_testing,,,,,pkd1_mutation,,,,
pkd1gentest,kumc,3,No mutation found on test,,pkd1mut_yn,0,No,,radio,yesno,,,,genetic_testing,,,,,pkd1_mutation,,,,
pkd1gentest,kumc,4,Sequence variant of unclear significance,,pkd1mut_yn,,,,radio,radio,,,,genetic_testing,,,,,pkd1_mutation,,,,
pkd1gentest,kumc,5,Test result not known,,pkd1mut_yn,,,,radio,radio,,,,genetic_testing,,,,,pkd1_mutation,,,,
gen_pkd1_res,uab,0,No mutation,,pkd1mut_yn,0,No,,dropdown,yesno,,,,genetic_testing,,,,,pkd1_mutation,,,,
gen_pkd1_res,uab,1,Mutation,,pkd1mut_yn,1,Yes,,dropdown,yesno,,,,genetic_testing,,,,,pkd1_mutation,,,,
pkdresults,umb,,PKD1,,pkd1mut_yn,1,Yes,,radio,yesno,,,,genetic_testing,,,,,pkd1_mutation,,,,
pkd1muttype,kumc,,,,pkd1muttype,,,,radio,radio,,,,genetic_testing,,,,,pkd1_mutation_type,,,,
pkd1mut,kumc,,,,pkd1mutdesc,,,,text,text,,,,genetic_testing,,,,,pkd1_mutation_description,,,,
gen_pkd1_res_spe,uab,,,,pkd1mutdesc,,,,text,text,,,,genetic_testing,,,,,pkd1_mutation_description,,,,
pkd2gentest,kumc,1,Mutation found in sequencing,,pkd2mut_yn,1,Yes,,radio,yesno,,,,genetic_testing,,,,,pkd2_mutation,,,,
pkd2gentest,kumc,2,Positive result based on linkage only,,pkd2mut_yn,1,Yes,,radio,yesno,,,,genetic_testing,,,,,pkd2_mutation,,,,
pkd2gentest,kumc,3,No mutation found on test,,pkd2mut_yn,0,No,,radio,yesno,,,,genetic_testing,,,,,pkd2_mutation,,,,
pkd2gentest,kumc,4,Sequence variant of unclear significance,,pkd2mut_yn,,,,radio,radio,,,,genetic_testing,,,,,pkd2_mutation,,,,
pkd2gentest,kumc,5,Test result not known,,pkd2mut_yn,,,,radio,radio,,,,genetic_testing,,,,,pkd2_mutation,,,,
gen_pkd2_res,uab,0,No mutation,,pkd2mut_yn,0,No,,dropdown,yesno,,,,genetic_testing,,,,,pkd2_mutation,,,,
gen_pkd2_res,uab,1,Mutation,,pkd2mut_yn,1,Yes,,dropdown,yesno,,,,genetic_testing,,,,,pkd2_mutation,,,,
pkdresults,umb,,PKD2,,pkd2mut_yn,1,Yes,,radio,yesno,,,,genetic_testing,,,,,pkd2_mutation,,,,
pkd2muttype,kumc,,,,pkd2muttype,,,,radio,radio,,,,genetic_testing,,,,,pkd2_mutation_type,,,,
pkd2mut,kumc,,,,pkd2mutdesc,,,,text,text,,,,genetic_testing,,,,,pkd2_mutation_description,,,,
gen_pkd2_res_spe,uab,,,,pkd2mutdesc,,,,text,text,,,,genetic_testing,,,,,pkd2_mutation_description,,,,
gen_pkhd1_res,uab,0,No mutation,,pkhd1mut_yn,,No,,dropdown,radio,,,,genetic_testing,,,,,pkhd1_mutation,,,,
gen_pkhd1_res,uab,1,Mutation,,pkhd1mut_yn,,Yes,,dropdown,radio,,,,genetic_testing,,,,,pkhd1_mutation,,,,
gen_pkhd1_res_spe,uab,,,,pkhd1mutdesc,,,,text,text,,,,genetic_testing,,,,,pkhd1_mutation_description,,,,
gen_hnf1_res,uab,0,No mutation,,hnf1mut_yn,0,No,,dropdown,yesno,,,,genetic_testing,,,,,hnf1_mutation,,,,
gen_hnf1_res,uab,1,Mutation,,hnf1mut_yn,1,Yes,,dropdown,yesno,,,,genetic_testing,,,,,hnf1_mutation,,,,
gen_hnf1_res_spe,uab,,,,hnf1mutdesc,,,,text,text,,,,genetic_testing,,,,,hnf1_mutation_description,,,,
gen_ganab_res,uab,0,No mutation,,ganabmut_yn,,No,,dropdown,radio,,,,genetic_testing,,,,,ganab_mutation,,,,
gen_ganab_res,uab,1,Mutation,,ganabmut_yn,,Yes,,dropdown,radio,,,,genetic_testing,,,,,ganab_mutation,,,,
gen_ganab_res_spe,uab,,,,ganabmutdesc,,,,text,text,,,,genetic_testing,,,,,ganab_mutation_description,,,,
gen_dnajb_res,uab,0,No mutation,,dnajbmut_yn,0,No,,dropdown,yesno,,,,genetic_testing,,,,,dnajb_mutation,,,,
gen_dnajb_res,uab,1,Mutation,,dnajbmut_yn,1,Yes,,dropdown,yesno,,,,genetic_testing,,,,,dnajb_mutation,,,,
gen_dnajb_res_spe,uab,,,,dnajbmutdesc,,,,text,text,,,,genetic_testing,,,,,dnajb_mutation_description,,,,
oth_gen_nam,uab,,,,oth_gen_nam,,,,text,text,,,,genetic_testing,,,,,name_other_gene_sequenced,,,,
oth_gen_res,uab,2,No mutation,,oth_genmut_yn,0,No,,dropdown,yesno,,,,genetic_testing,,,,,other_gene_mutation,,,,
oth_gen_res,uab,1,Mutation,,oth_genmut_yn,1,Yes,,dropdown,yesno,,,,genetic_testing,,,,,other_gene_mutation,,,,
oth_gen_spec,uab,,,,oth_gen_spec,,,,text,text,,,,genetic_testing,,,,,other_gene_mutation_description,,,,
pf16,umb,,,,ekg_yn,,,,yesno,yesno,,,,ekg,,,,,12_lead_ekg,,,,
pf16a,umb,,,,ekg_comment,,,,text,text,,,,ekg,,,,,ekg_comments,,,,
amb_bp,uab,1,Yes,,amb_bp,1,Yes,,radio,yesno,,,,ambulatory_bp,,,,,ambulatory_bp_performed,,,,
amb_bp,uab,2,No,,amb_bp,0,No,,radio,yesno,,,,ambulatory_bp,,,,,ambulatory_bp_performed,,,,
amb_bp,uab,3,Unknown,,amb_bp,,,,radio,radio,,,,ambulatory_bp,,,,,ambulatory_bp_performed,,,,
mean_night_bp,uab,,,,mean_night_bp,,,,text,text,,,,ambulatory_bp,,,,,mean_nighttime_bp_systolic/diastolic,,,,
mean_nt_map,uab,,,,mean_nt_map,,,,text,text,,number,,ambulatory_bp,,,,,mean_nighttime_map,,,,
mean_nt_hr,uab,,,,mean_nt_hr,,,,text,text,,number,,ambulatory_bp,,,,,mean_nighttime_hr,,,,
cr106,umb,,,,pwvperf,,,,yesno,yesno,,,,pulse_wave_velocity,,,,,pwv_performed,,,,
cr106a,umb,,,,pwvdat,,,,text,text,date_mdy,date_mdy,,pulse_wave_velocity,,,,,pwv_date,,,,
cr107b,umb,,,,pwvdist,,,,text,text,number,number,,pulse_wave_velocity,,,,,pwv_distal,,,,
cr107c,umb,,,,pwvprox,,,,text,text,number,number,,pulse_wave_velocity,,,,,pwv_proximal,,,,
cr105,umb,1,Yes,,echo_yn,1,Yes,,yesno,yesno,,,,echocardiogram,,,,,echo_performed_yn,,,,
cr105,umb,0,No,,echo_yn,0,No,,yesno,yesno,,,,echocardiogram,,,,,echo_performed_yn,,,,
echo,uab,1,Yes,,echo_yn,1,Yes,,radio,yesno,,,,echocardiogram,,,,,echo_performed_yn,,,,
echo,uab,2,No,,echo_yn,0,No,,radio,yesno,,,,echocardiogram,,,,,echo_performed_yn,,,,
echo,uab,3,Unknown,,echo_yn,,,,radio,radio,,,,echocardiogram,,,,,echo_performed_yn,,,,
cr105a,umb,,,,echo_date,,,,text,text,date_mdy,date_mdy,,echocardiogram,,,,,echo_performed_date,,,,
echo_date,uab,,,,echo_date,,,,text,text,date_ymd,date_mdy,,echocardiogram,,,,,echo_performed_date,,,,
echo_lvh,uab,1,Yes,,echo_lvh,1,Yes,,radio,yesno,,,,echocardiogram,,,,,echo_finding_lvh_yn,,,,
echo_lvh,uab,2,No,,echo_lvh,0,No,,radio,yesno,,,,echocardiogram,,,,,echo_finding_lvh_yn,,,,
echo_lvh,uab,3,Unknown,,echo_lvh,,,,radio,radio,,,,echocardiogram,,,,,echo_finding_lvh_yn,,,,
echo_rvh,uab,1,Yes,,echo_rvh,1,Yes,,radio,yesno,,,,echocardiogram,,,,,echo_finding_rvh_yn,,,,
echo_rvh,uab,2,No,,echo_rvh,0,No,,radio,yesno,,,,echocardiogram,,,,,echo_finding_rvh_yn,,,,
echo_rvh,uab,3,Unknown,,echo_rvh,,,,radio,radio,,,,echocardiogram,,,,,echo_finding_rvh_yn,,,,
cr105c1,umb,,,,echofinding,,,,notes,notes,,,,echocardiogram,,,,,echo_finding_notes,,,,
cr140a,umb,,,,bd_yn,,,,radio,radio,,,,bdi,,,,,beck_depression_inventory_yn,,,,
bdtimestamp,umb,,,,bdtimestamp,,,,text,text,datetime_seconds_mdy,datetime_seconds_mdy,,physical_activity_questionnaire,,,,,beck_depression_inventory_datetime,,,,
bd1,umb,,,,bd1,,,,checkbox,checkbox,,,,bdi,,,,,beck_depression_inventory_q1,,,,
bd2,umb,,,,bd2,,,,checkbox,checkbox,,,,bdi,,,,,beck_depression_inventory_q2,,,,
bd3,umb,,,,bd3,,,,checkbox,checkbox,,,,bdi,,,,,beck_depression_inventory_q3,,,,
bd4,umb,,,,bd4,,,,checkbox,checkbox,,,,bdi,,,,,beck_depression_inventory_q4,,,,
bd5,umb,,,,bd5,,,,checkbox,checkbox,,,,bdi,,,,,beck_depression_inventory_q5,,,,
bd6,umb,,,,bd6,,,,checkbox,checkbox,,,,bdi,,,,,beck_depression_inventory_q6,,,,
bd7,umb,,,,bd7,,,,checkbox,checkbox,,,,bdi,,,,,beck_depression_inventory_q7,,,,
bd8,umb,,,,bd8,,,,checkbox,checkbox,,,,bdi,,,,,beck_depression_inventory_q8,,,,
bd9,umb,,,,bd9,,,,checkbox,checkbox,,,,bdi,,,,,beck_depression_inventory_q9,,,,
bd10,umb,,,,bd10,,,,checkbox,checkbox,,,,bdi,,,,,beck_depression_inventory_q10,,,,
bd11,umb,,,,bd11,,,,checkbox,checkbox,,,,bdi,,,,,beck_depression_inventory_q11,,,,
bd12,umb,,,,bd12,,,,checkbox,checkbox,,,,bdi,,,,,beck_depression_inventory_q12,,,,
bd13,umb,,,,bd13,,,,checkbox,checkbox,,,,bdi,,,,,beck_depression_inventory_q13,,,,
bd14,umb,,,,bd14,,,,checkbox,checkbox,,,,bdi,,,,,beck_depression_inventory_q14,,,,
bd15,umb,,,,bd15,,,,checkbox,checkbox,,,,bdi,,,,,beck_depression_inventory_q15,,,,
bd16,umb,,,,bd16,,,,checkbox,checkbox,,,,bdi,,,,,beck_depression_inventory_q16,,,,
bd17,umb,,,,bd17,,,,checkbox,checkbox,,,,bdi,,,,,beck_depression_inventory_q17,,,,
bd18,umb,,,,bd18,,,,checkbox,checkbox,,,,bdi,,,,,beck_depression_inventory_q18,,,,
bd19,umb,,,,bd19,,,,checkbox,checkbox,,,,bdi,,,,,beck_depression_inventory_q19,,,,
bd19a,umb,,,,bd19a,,,,yesno,yesno,,,,bdi,,,,,beck_depression_inventory_q19a,,,,
bd20,umb,,,,bd20,,,,checkbox,checkbox,,,,bdi,,,,,beck_depression_inventory_q20,,,,
bd21,umb,,,,bd21,,,,checkbox,checkbox,,,,bdi,,,,,beck_depression_inventory_q21,,,,
,umb,,,,bdi_score,,,,,calc,,,,bdi,"[bd1] + [bd2] + [bd3] + [bd4] + [bd5] + [bd6] + [bd7] + [bd8] + [bd9] + [bd10] + [bd11] + [bd12] + [bd13] + [bd14] + [bd15] + [bd16] + [bd17] + [bd18] + [bd20] + [bd21] + if([bd19a]=1, 0, [bd19])","Ensure bd19a is coded as 1, yes | 0, no",,,beck_depression_inventory_total_score,,,,
cr140c,umb,,,,moca_yn,,,,radio,radio,,,,moca,,,,,montreal_cognitive_assessment_yn,,,,
mcrdate,umb,,,,mcrdate,,,,text,text,date_mdy,date_mdy,,moca,,,,,montreal_cognitive_assessment_date,,,,
mc0a,umb,,,,mc0a,,,,radio,radio,,,,moca,,,,,montreal_cognitive_assessment_education,,,,
mc1,umb,,,,mc1,,,,text,text,number,,,moca,,,,,montreal_cognitive_assessment_visuospatial_executive,,,,
mc2,umb,,,,mc2,,,,text,text,number,,,moca,,,,,montreal_cognitive_assessment_naming,,,,
mc3a,umb,,,,mc3a,,,,text,text,number,,,moca,,,,,montreal_cognitive_assessment_attention_task1,,,,
mc3b,umb,,,,mc3b,,,,text,text,number,,,moca,,,,,montreal_cognitive_assessment_attention_task2,,,,
mc3c,umb,,,,mc3c,,,,text,text,number,,,moca,,,,,montreal_cognitive_assessment_attention_task3,,,,
mc4a,umb,,,,mc4a,,,,text,text,number,,,moca,,,,,montreal_cognitive_assessment_language_task1,,,,
mc4b,umb,,,,mc4b,,,,text,text,number,,,moca,,,,,montreal_cognitive_assessment_language_task2,,,,
mc5,umb,,,,mc5,,,,text,text,number,,,moca,,,,,montreal_cognitive_assessment_abstraction,,,,
mc6,umb,,,,mc6,,,,text,text,number,,,moca,,,,,montreal_cognitive_assessment_delayed_recall,,,,
mc7,umb,,,,mc7,,,,text,text,number,,,moca,,,,,montreal_cognitive_assessment_orientation,,,,
,umb,,,,mocascore,,,,,calc,,,,moca,[mc0a] +[mc1] + [mc2] + [mc3a] + [mc3b] + [mc3c] + [mc4a] + [mc4b] + [mc5] + [mc6]  + [mc7],"Ensure mc0a is coded as: 1, High school or less | 0, Some college or more",,,montreal_cognitive_assessment_score,,,,
pra1,umb,,,,pra1,,,,yesno,yesno,,,,promis_anxiety,,,,,promisca_bank_v10_anxiety_completed,,,,
prardate,umb,,,,prardate,,,,text,text,date_mdy,date_mdy,,promis_anxiety,,,,,promisca_bank_v10_anxiety_date,,,,
pra3,umb,,,,pra3,,,,text,text,number,number,,promis_anxiety,,,,,promisca_bank_v10_anxiety_raw_score,,,,
pra4,umb,,,,pra4,,,,text,text,number,number,,promis_anxiety,,,,,promisca_bank_v10_anxiety_theta,,,,
pra5,umb,,,,pra5,,,,text,text,number,number,,promis_anxiety,,,,,promisca_bank_v10_anxiety_tscore,,,,
pra6,umb,,,,pra6,,,,text,text,number,number,,promis_anxiety,,,,,promisca_bank_v10_anxiety_se,,,,
pra7,umb,,,,pra7,,,,text,text,number,number,,promis_anxiety,,,,,promisca_bank_v10_anxiety_item_count,,,,
pra8,umb,,,,pra8,,,,text,text,,,,promis_anxiety,,,,,promisca_bank_v10_anxiety_assessment,,,,
prf1,umb,,,,prf1,,,,yesno,yesno,,,,promis_fatigue,,,,,promisca_bank_v10_fatigue_completed,,,,
prfrdate,umb,,,,prfrdate,,,,text,text,date_mdy,date_mdy,,promis_fatigue,,,,,promisca_bank_v10_fatigue_date,,,,
prf3,umb,,,,prf3,,,,text,text,number,number,,promis_fatigue,,,,,promisca_bank_v10_fatigue_raw_score,,,,
prf4,umb,,,,prf4,,,,text,text,number,number,,promis_fatigue,,,,,promisca_bank_v10_fatigue_theta,,,,
prf5,umb,,,,prf5,,,,text,text,number,number,,promis_fatigue,,,,,promisca_bank_v10_fatigue_tscore,,,,
prf6,umb,,,,prf6,,,,text,text,number,number,,promis_fatigue,,,,,promisca_bank_v10_fatigue_se,,,,
prf7,umb,,,,prf7,,,,text,text,number,number,,promis_fatigue,,,,,promisca_bank_v10_fatigue_item_count,,,,
prf8,umb,,,,prf8,,,,text,text,,,,promis_fatigue,,,,,promisca_bank_v10_fatigue_assessment,,,,
pri1,umb,,,,pri1,,,,yesno,yesno,,,,promis_pain,,,,,promisca_bank_v10_pain_interference_completed,,,,
prirdate,umb,,,,prirdate,,,,text,text,date_mdy,date_mdy,,promis_pain,,,,,promisca_bank_v10_pain_interference_date,,,,
pri3,umb,,,,pri3,,,,text,text,number,number,,promis_pain,,,,,promisca_bank_v10_pain_interference_raw_score,,,,
pri4,umb,,,,pri4,,,,text,text,number,number,,promis_pain,,,,,promisca_bank_v10_pain_interference_theta,,,,
pri5,umb,,,,pri5,,,,text,text,number,number,,promis_pain,,,,,promisca_bank_v10_pain_interference_tscore,,,,
pri6,umb,,,,pri6,,,,text,text,number,number,,promis_pain,,,,,promisca_bank_v10_pain_interference_se,,,,
pri7,umb,,,,pri7,,,,text,text,number,number,,promis_pain,,,,,promisca_bank_v10_pain_interference_item_count,,,,
pri8,umb,,,,pri8,,,,text,text,,,,promis_pain,,,,,promisca_bank_v10_pain_interference_assessment,,,,
prp1,umb,,,,prp1,,,,yesno,yesno,,,,promis_physical,,,,,promisca_bank_v10_physical_function_completed,,,,
prprdate,umb,,,,prprdate,,,,text,text,date_mdy,date_mdy,,promis_physical,,,,,promisca_bank_v10_physical_function_date,,,,
prp3,umb,,,,prp3,,,,text,text,number,number,,promis_physical,,,,,promisca_bank_v10_physical_function_raw_score,,,,
prp4,umb,,,,prp4,,,,text,text,number,number,,promis_physical,,,,,promisca_bank_v10_physical_function_theta,,,,
prp5,umb,,,,prp5,,,,text,text,number,number,,promis_physical,,,,,promisca_bank_v10_physical_function_tscore,,,,
prp6,umb,,,,prp6,,,,text,text,number,number,,promis_physical,,,,,promisca_bank_v10_physical_function_se,,,,
prp7,umb,,,,prp7,,,,text,text,number,number,,promis_physical,,,,,promisca_bank_v10_physical_function_item_count,,,,
prp8,umb,,,,prp8,,,,text,text,,,,promis_physical,,,,,promisca_bank_v10_physical_function_assessment,,,,
prd1,umb,,,,prd1,,,,yesno,yesno,,,,promis_depression,,,,,promisca_bank_v10_depression_completed,,,,
prdrdate,umb,,,,prdrdate,,,,text,text,date_mdy,date_mdy,,promis_depression,,,,,promisca_bank_v10_depression_date,,,,
prd3,umb,,,,prd3,,,,text,text,number,number,,promis_depression,,,,,promisca_bank_v10_depression_raw_score,,,,
prd4,umb,,,,prd4,,,,text,text,number,number,,promis_depression,,,,,promisca_bank_v10_depression_theta,,,,
prd5,umb,,,,prd5,,,,text,text,number,number,,promis_depression,,,,,promisca_bank_v10_depression_tscore,,,,
prd6,umb,,,,prd6,,,,text,text,number,number,,promis_depression,,,,,promisca_bank_v10_depression_se,,,,
prd7,umb,,,,prd7,,,,text,text,number,number,,promis_depression,,,,,promisca_bank_v10_depression_item_count,,,,
prd8,umb,,,,prd8,,,,text,text,,,,promis_depression,,,,,promisca_bank_v10_depression_assessment,,,,
nqs1,umb,,,,,,,,yesno,yesno,,,,neuroqol_sf_sleep,,,,,neuroqol_sf_v10_sleep_disturbance _completed,,,,
nqsrdate,umb,,,,,,,,text,text,date_mdy,date_mdy,,neuroqol_sf_sleep,,,,,neuroqol_sf_v10_sleep_disturbance _date,,,,
nqs3,umb,,,,,,,,text,text,number,number,,neuroqol_sf_sleep,,,,,neuroqol_sf_v10_sleep_disturbance _raw_score,,,,
nqs4,umb,,,,,,,,text,text,number,number,,neuroqol_sf_sleep,,,,,neuroqol_sf_v10_sleep_disturbance _theta,,,,
nqs5,umb,,,,,,,,text,text,number,number,,neuroqol_sf_sleep,,,,,neuroqol_sf_v10_sleep_disturbance _tscore,,,,
nqs6,umb,,,,,,,,text,text,number,number,,neuroqol_sf_sleep,,,,,neuroqol_sf_v10_sleep_disturbance _se,,,,
nqs7,umb,,,,,,,,text,text,number,number,,neuroqol_sf_sleep,,,,,neuroqol_sf_v10_sleep_disturbance _item_count,,,,
nqs8,umb,,,,,,,,text,text,,,,neuroqol_sf_sleep,,,,,neuroqol_sf_v10_sleep_disturbance _assessment,,,,
nqb1,umb,,,,,,,,yesno,yesno,,,,neuroqol_bank_sleep,,,,,neuroqol_bank_v10_sleep_disturbance _completed,,,,
nqbrdate,umb,,,,,,,,text,text,date_mdy,date_mdy,,neuroqol_bank_sleep,,,,,neuroqol_bank_v10_sleep_disturbance _date,,,,
nqb3,umb,,,,,,,,text,text,number,number,,neuroqol_bank_sleep,,,,,neuroqol_bank_v10_sleep_disturbance _raw_score,,,,
nqb4,umb,,,,,,,,text,text,number,number,,neuroqol_bank_sleep,,,,,neuroqol_bank_v10_sleep_disturbance _theta,,,,
nqb5,umb,,,,,,,,text,text,number,number,,neuroqol_bank_sleep,,,,,neuroqol_bank_v10_sleep_disturbance _tscore,,,,
nqb6,umb,,,,,,,,text,text,number,number,,neuroqol_bank_sleep,,,,,neuroqol_bank_v10_sleep_disturbance _se,,,,
nqb7,umb,,,,,,,,text,text,number,number,,neuroqol_bank_sleep,,,,,neuroqol_bank_v10_sleep_disturbance _item_count,,,,
nqb8,umb,,,,,,,,text,text,,,,neuroqol_bank_sleep,,,,,neuroqol_bank_v10_sleep_disturbance _assessment,,,,
pca1,umb,,,,,,,,yesno,yesno,,,,promis_anxiety2,,,,,promis_cat_v10_anxiety _completed,,,,
pcardate,umb,,,,,,,,text,text,date_mdy,date_mdy,,promis_anxiety2,,,,,promis_cat_v10_anxiety _date,,,,
pca3,umb,,,,,,,,text,text,number,number,,promis_anxiety2,,,,,promis_cat_v10_anxiety _raw_score,,,,
pca4,umb,,,,,,,,text,text,number,number,,promis_anxiety2,,,,,promis_cat_v10_anxiety _theta,,,,
pca5,umb,,,,,,,,text,text,number,number,,promis_anxiety2,,,,,promis_cat_v10_anxiety _tscore,,,,
pca6,umb,,,,,,,,text,text,number,number,,promis_anxiety2,,,,,promis_cat_v10_anxiety _se,,,,
pca7,umb,,,,,,,,text,text,number,number,,promis_anxiety2,,,,,promis_cat_v10_anxiety _item_count,,,,
pca8,umb,,,,,,,,text,text,,,,promis_anxiety2,,,,,promis_cat_v10_anxiety _assessment,,,,
pcf1,umb,,,,,,,,yesno,yesno,,,,promis_fatigue2,,,,,promis_cat_v10_fatigue _completed,,,,
pcfrdate,umb,,,,,,,,text,text,date_mdy,date_mdy,,promis_fatigue2,,,,,promis_cat_v10_fatigue _date,,,,
pcf3,umb,,,,,,,,text,text,number,number,,promis_fatigue2,,,,,promis_cat_v10_fatigue _raw_score,,,,
pcf4,umb,,,,,,,,text,text,number,number,,promis_fatigue2,,,,,promis_cat_v10_fatigue _theta,,,,
pcf5,umb,,,,,,,,text,text,number,number,,promis_fatigue2,,,,,promis_cat_v10_fatigue _tscore,,,,
pcf6,umb,,,,,,,,text,text,number,number,,promis_fatigue2,,,,,promis_cat_v10_fatigue _se,,,,
pcf7,umb,,,,,,,,text,text,number,number,,promis_fatigue2,,,,,promis_cat_v10_fatigue _item_count,,,,
pcf8,umb,,,,,,,,text,text,,,,promis_fatigue2,,,,,promis_cat_v10_fatigue _assessment,,,,
pci1,umb,,,,,,,,yesno,yesno,,,,promis_pain2,,,,,promis_cat_v11_pain_interference _completed,,,,
pcirdate,umb,,,,,,,,text,text,date_mdy,date_mdy,,promis_pain2,,,,,promis_cat_v11_pain_interference _date,,,,
pci3,umb,,,,,,,,text,text,number,number,,promis_pain2,,,,,promis_cat_v11_pain_interference _raw_score,,,,
pci4,umb,,,,,,,,text,text,number,number,,promis_pain2,,,,,promis_cat_v11_pain_interference _theta,,,,
pci5,umb,,,,,,,,text,text,number,number,,promis_pain2,,,,,promis_cat_v11_pain_interference _tscore,,,,
pci6,umb,,,,,,,,text,text,number,number,,promis_pain2,,,,,promis_cat_v11_pain_interference _se,,,,
pci7,umb,,,,,,,,text,text,number,number,,promis_pain2,,,,,promis_cat_v11_pain_interference _item_count,,,,
pci8,umb,,,,,,,,text,text,,,,promis_pain2,,,,,promis_cat_v11_pain_interference _assessment,,,,
pcp1,umb,,,,,,,,yesno,yesno,,,,promis_physical2,,,,,promis_cat_v12_physical_function _completed,,,,
pcprdate,umb,,,,,,,,text,text,date_mdy,date_mdy,,promis_physical2,,,,,promis_cat_v12_physical_function _date,,,,
pcp3,umb,,,,,,,,text,text,number,number,,promis_physical2,,,,,promis_cat_v12_physical_function _raw_score,,,,
pcp4,umb,,,,,,,,text,text,number,number,,promis_physical2,,,,,promis_cat_v12_physical_function _theta,,,,
pcp5,umb,,,,,,,,text,text,number,number,,promis_physical2,,,,,promis_cat_v12_physical_function _tscore,,,,
pcp6,umb,,,,,,,,text,text,number,number,,promis_physical2,,,,,promis_cat_v12_physical_function _se,,,,
pcp7,umb,,,,,,,,text,text,number,number,,promis_physical2,,,,,promis_cat_v12_physical_function _item_count,,,,
pcp8,umb,,,,,,,,text,text,,,,promis_physical2,,,,,promis_cat_v12_physical_function _assessment,,,,
pcd1,umb,,,,,,,,yesno,yesno,,,,promis_depression2,,,,,promis_cat_v10_depression _completed,,,,
pcdrdate,umb,,,,,,,,text,text,date_mdy,date_mdy,,promis_depression2,,,,,promis_cat_v10_depression _date,,,,
pcd3,umb,,,,,,,,text,text,number,number,,promis_depression2,,,,,promis_cat_v10_depression _raw_score,,,,
pcd4,umb,,,,,,,,text,text,number,number,,promis_depression2,,,,,promis_cat_v10_depression _theta,,,,
pcd5,umb,,,,,,,,text,text,number,number,,promis_depression2,,,,,promis_cat_v10_depression _tscore,,,,
pcd6,umb,,,,,,,,text,text,number,number,,promis_depression2,,,,,promis_cat_v10_depression _se,,,,
pcd7,umb,,,,,,,,text,text,number,number,,promis_depression2,,,,,promis_cat_v10_depression _item_count,,,,
pcd8,umb,,,,,,,,text,text,,,,promis_depression2,,,,,promis_cat_v10_depression _assessment,,,,
pcs1,umb,,,,,,,,yesno,yesno,,,,promis_sleep,,,,,promis_cat_v10_sleep_disturbance _completed,,,,
pcsrdate,umb,,,,,,,,text,text,date_mdy,date_mdy,,promis_sleep,,,,,promis_cat_v10_sleep_disturbance _date,,,,
pcs3,umb,,,,,,,,text,text,number,number,,promis_sleep,,,,,promis_cat_v10_sleep_disturbance _raw_score,,,,
pcs4,umb,,,,,,,,text,text,number,number,,promis_sleep,,,,,promis_cat_v10_sleep_disturbance _theta,,,,
pcs5,umb,,,,,,,,text,text,number,number,,promis_sleep,,,,,promis_cat_v10_sleep_disturbance _tscore,,,,
pcs6,umb,,,,,,,,text,text,number,number,,promis_sleep,,,,,promis_cat_v10_sleep_disturbance _se,,,,
pcs7,umb,,,,,,,,text,text,number,number,,promis_sleep,,,,,promis_cat_v10_sleep_disturbance _item_count,,,,
pcs8,umb,,,,,,,,text,text,,,,promis_sleep,,,,,promis_cat_v10_sleep_disturbance _assessment,,,,
